,Site_Code
1,allmendb.ch
2,allmendo.ch
3,antelope.us
4,ayora.es
5,baddrt.de
6,bayrdrt.de
7,bfl.us
8,biddulph.ca
9,brokenh.au
10,brookdale.ca
11,capmcd.us
12,capwhite.us
13,cdpt_drt.us
14,cedarsav.us
15,cedartrait.us
16,cerrillos.ar
17,chacra.ar
18,chilcasdrt.ar
19,cmss.us
20,cobar.au
21,cowidrt.ca
22,credoj.au
23,credom.au
24,ebro.es
25,elvadrt.ee
26,esw.ca
27,ethadb.au
28,ethadn.au
29,falls.au
30,gmgranite.us
31,gmmolar.us
32,hard.us
33,hoide.de
34,hyide.de
35,jenadrt.de
36,jilpanger.au
37,jorndrt.us
38,jrnchi.us
39,kernb.ca
40,kernnu.ca
41,kinsella.ca
42,kiskun.hu
43,konzadrt.us
44,lygraint.no
45,lygraold.no
46,marcdrt.ar
47,matador.ca
48,mattheis.ca
49,milparinka.au
50,naposta.ar
51,nnss.us
52,nplatte.us
53,octc.us
54,oklah.us
55,oreaa.us
56,oreac.us
57,paike.ar
58,passogavia.it
59,pineta.es
60,purdue.us
61,quilpie.au
62,rhijn.nl
63,sand.us
64,sclaudio.ar
65,scruzh.us
66,scruzl.us
67,scruzm.us
68,sevblack.us
69,sevblue.us
70,sevmixed.us
71,slp.us
72,spvdrt.ar
73,teshio.jp
74,ukulingadrt.za
75,validate.fr
76,yarradrt.au