"","unique(all.data.2$Taxon)"
"1","ACHILLEA MILLEFOLIUM"
"2","ANTHYLLIS VULNERARIA"
"3","ASPERULA CYNANCHICA"
"4","BRACHYPODIUM PINNATUM"
"5","BRIZA MEDIA"
"6","BROMUS ERECTUS"
"7","CAREX CARYOPHYLLEA"
"8","CAREX FLACCA"
"9","CARLINA VULGARIS"
"10","CENTAUREA JACEA"
"11","CENTAUREA SCABIOSA"
"12","CREPIS BIENNIS"
"13","ECHIUM VULGARE"
"14","EUPHORBIA CYPARISSIAS"
"15","FESTUCA OVINA"
"16","GALIUM VERUM"
"17","GLOBULARIA VULGARIS"
"18","HELIANTHEMUM NUMMULARIUM var. GRANDIFLORUM"
"19","HELICTOTRICHON PRATENSE"
"20","HIPPOCREPIS COMOSA"
"21","KNAUTIA ARVENSIS"
"22","LEUCANTHEMUM VULGARE"
"23","LINUM CATHARTICUM"
"24","LOTUS CORNICULATUS"
"25","MEDICAGO LUPULINA"
"26","PIMPINELLA SAXIFRAGA"
"27","PLANTAGO LANCEOLATA"
"28","POLYGALA VULGARIS"
"29","POTENTILLA GRANDIFLORA"
"30","PRUNELLA VULGARIS"
"31","RHINANTHUS MINOR"
"32","SALVIA PRATENSIS"
"33","SANGUISORBA MINOR"
"34","SCABIOSA COLUMBARIA"
"35","TARAXACUM TARAXACUM"
"36","TEUCRIUM CHAMAEDRYS"
"37","THYMUS SERPYLLUM"
"38","TRIFOLIUM MONTANUM"
"39","TRIFOLIUM PRATENSE"
"40","GYPSOPHILA REPENS"
"41","TEUCRIUM MONTANUM"
"42","BASSIA SCOPARIA"
"43","CHONDROSUM ERIOPODUM"
"44","HILARIA JAMESII"
"45","MENTZELIA MONTANA"
"46","POMARIA JAMESII"
"47","SALSOLA KALI"
"48","SPHAERALCEA HASTULATA"
"49","APHYLLANTHES MONSPELIENSIS"
"50","ARGYROLOBIUM ZANONII"
"51","ASPERULA ARISTATA"
"52","BRACHYPODIUM RETUSUM"
"53","CAREX DISTACHYA"
"54","CISTUS ALBIDUS"
"55","CISTUS CLUSII"
"56","CORIS MONSPELIENSIS"
"57","DORYCNIUM PENTAPHYLLUM"
"58","FUMANA ERICIFOLIA"
"59","FUMANA LAEVIPES"
"60","FUMARIA CAPREOLATA"
"61","GALIUM LUCIDUM"
"62","GLADIOLUS ILLYRICUS"
"63","HELIANTHEMUM APENNINUM"
"64","HELIANTHEMUM CINEREUM"
"65","HELICTOTRICHON FILIFOLIUM"
"66","LINUM SUFFRUTICOSUM"
"67","LITHODORA FRUTICOSA"
"68","ONONIS MINUTISSIMA"
"69","PINUS HALEPENSIS"
"70","POLYGALA RUPESTRIS"
"71","ROSMARINUS OFFICINALIS"
"72","RUBIA PEREGRINA"
"73","STIPA JUNCEA"
"74","TEUCRIUM CAPITATUM"
"75","THESIUM HUMIFUSUM"
"76","THYMUS VULGARIS"
"77","ULEX PARVIFLORUS"
"78","ACER PLATANOIDES"
"79","APERA SPICA-VENTI"
"80","BROMUS HORDEACEUS"
"81","BROMUS STERILIS"
"82","CIRSIUM ARVENSE"
"83","CREPIS CAPILLARIS"
"84","ECHINOPS SPHAEROCEPHALUS"
"85","EPILOBIUM ANGUSTIFOLIUM"
"86","EPILOBIUM TETRAGONUM"
"87","ERIGERON CANADENSIS"
"88","FESTUCA RUPICOLA"
"89","GALIUM APARINE"
"90","HYPERICUM PERFORATUM"
"91","HYPOCHAERIS RADICATA"
"92","LOLIUM PERENNE"
"93","PICRIS HIERACIOIDES"
"94","POA TRIVIALIS"
"95","PRUNUS AVIUM"
"96","RUMEX CRISPUS"
"97","SENECIO LEUCANTHEMIFOLIUS"
"98","SOLIDAGO CANADENSIS"
"99","SONCHUS ASPER"
"100","SONCHUS OLERACEUS"
"101","TRAGOPOGON PRATENSIS"
"102","TRIPLEUROSPERMUM INODORUM"
"103","VICIA SATIVA"
"104","VULPIA MYUROS"
"105","ALOPECURUS PRATENSIS"
"106","ARRHENATHERUM ELATIUS"
"107","BETULA PENDULA"
"108","CERASTIUM FONTANUM"
"109","CYNOSURUS CRISTATUS"
"110","FESTUCA RUBRA"
"111","HIERACIUM PILOSELLA"
"112","LUZULA CAMPESTRIS"
"113","PHLEUM PRATENSE"
"114","PILOSELLA AURANTIACA"
"115","PILOSELLA PILOSELLOIDES"
"116","POA PRATENSIS"
"117","QUERCUS ROBUR"
"118","RANUNCULUS ACRIS"
"119","SCORZONEROIDES AUTUMNALIS"
"120","TRIFOLIUM REPENS"
"121","VERONICA ARVENSIS"
"122","VERONICA SERPYLLIFOLIA"
"123","VICIA ARTICULATA"
"124","VICIA CRACCA"
"125","VICIA SEPIUM"
"126","AMBROSIA PSILOSTACHYA"
"127","ANDROPOGON GLOMERATUS"
"128","CROTON GLANDULOSUS"
"129","CROTON LINDHEIMERIANUS"
"130","DESMANTHUS ACUMINATUS"
"131","DICHANTHELIUM OLIGOSANTHES"
"132","EVOLVULUS SERICEUS"
"133","GALACTIA MARGINALIS"
"134","HEDEOMA ACINOIDES"
"135","HELENIUM AMARUM"
"136","HETEROPOGON CONTORTUS"
"137","HYPERICUM DRUMMONDII"
"138","IVA ANGUSTIFOLIA"
"139","LECHEA SAN-SABEANA"
"140","LIATRIS PUNCTATA"
"141","LINUM RIGIDUM"
"142","PHYLLANTHUS POLYGONOIDES"
"143","PLANTAGO RHODOSPERMA"
"144","POLYPREMUM PROCUMBENS"
"145","QUERCUS FUSIFORMIS"
"146","RUDBECKIA HIRTA"
"147","SCHIZACHYRIUM SCOPARIUM"
"148","STENARIA NIGRICANS"
"149","SYMPHYOTRICHUM DRUMMONDII"
"150","THELESPERMA FILIFOLIUM"
"151","TORILIS ARVENSIS"
"152","ARTEMISIA FRIGIDA"
"153","ARTEMISIA LUDOVICIANA"
"154","CAMPANULA ROTUNDIFOLIA"
"155","CERASTIUM ARVENSE"
"156","CHONDROSUM GRACILE"
"157","ELYMUS SMITHII"
"158","FESTUCA ALTAICA"
"159","HELICTOTRICHON HOOKERI"
"160","KOELERIA MACRANTHA"
"161","LYGODESMIA JUNCEA"
"162","PSORALEA LANCEOLATA"
"163","ROSA ARKANSANA"
"164","SOLIDAGO MISSOURIENSIS"
"165","STIPA COMATA"
"166","ACACIA TETRAGONOPHYLLA"
"167","MAIREANA PYRAMIDATA"
"168","SCLEROLAENA DIACANTHA"
"169","SIDA PETROPHILA"
"170","SOLANUM ELLIPTICUM"
"171","TRIPOGON LOLIIFORMIS"
"172","AGASTACHE FOENICULUM"
"173","ALLIUM CERNUUM"
"174","ANDROPOGON GERARDII"
"175","ANEMONASTRUM CANADENSE"
"176","BROMUS INERMIS"
"177","COMANDRA UMBELLATA"
"178","CYPRIPEDIUM PARVIFLORUM"
"179","ELYMUS REPENS"
"180","GALIUM BOREALE"
"181","GLYCYRRHIZA LEPIDOTA"
"182","HELIANTHUS PAUCIFLORUS"
"183","HELIOPSIS HELIANTHOIDES"
"184","HEUCHERA RICHARDSONII"
"185","LATHYRUS OCHROLEUCUS"
"186","LIATRIS LIGULISTYLIS"
"187","LITHOSPERMUM CANESCENS"
"188","POPULUS BALSAMIFERA"
"189","ROSA ACICULARIS"
"190","SOLIDAGO RIGIDA"
"191","SONCHUS ARVENSIS"
"192","STIPA CURTISETA"
"193","SYMPHORICARPOS ALBUS"
"194","SYMPHYOTRICHUM ERICOIDES"
"195","SYMPHYOTRICHUM LAEVE"
"196","THALICTRUM VENULOSUM"
"197","VICIA AMERICANA"
"198","VIOLA ADUNCA"
"199","ZIZIA APTERA"
"200","ACMISPON MARITIMUS"
"201","AMSINCKIA TESSELLATA"
"202","ASTRAGALUS NUTTALLIANUS"
"203","BROMUS RUBENS"
"204","CHAENACTIS STEVIOIDES"
"205","CRYPTANTHA PTEROCARYA"
"206","DICHELOSTEMMA CAPITATUM"
"207","ENCELIA FARINOSA"
"208","ERODIUM TEXANUM"
"209","EUPHORBIA POLYCARPA"
"210","LOGFIA ARIZONICA"
"211","OTTLEYA STRIGOSA"
"212","PECTOCARYA HETEROCARPA"
"213","PECTOCARYA RECURVATA"
"214","PHYSARIA GORDONII"
"215","PLANTAGO OVATA"
"216","PLANTAGO PATAGONICA"
"217","SCHISMUS ARABICUS"
"218","CHORIZANTHE BREVICORNU"
"219","CRASSULA CONNATA"
"220","LUPINUS SPARSIFLORUS"
"221","MONOPTILON BELLIOIDES"
"222","PECTOCARYA PLATYCARPA"
"223","VULPIA OCTOFLORA"
"224","ARISTIDA PURPUREA"
"225","ARTEMISIA FILIFOLIA"
"226","ASCLEPIAS PUMILA"
"227","ASTRAGALUS LAXMANNII"
"228","BOUTELOUA GRACILIS"
"229","BROMUS JAPONICUS"
"230","BUCHLOE DACTYLOIDES"
"231","CAREX FILIFOLIA"
"232","CHENOPODIUM ALBUM"
"233","COREOPSIS TINCTORIA"
"234","DALEA ENNEANDRA"
"235","ELYMUS ELYMOIDES"
"236","ESCOBARIA VIVIPARA"
"237","GAURA COCCINEA"
"238","HELIANTHUS ANNUUS"
"239","HESPEROSTIPA COMATA"
"240","HETEROTHECA VILLOSA"
"241","LEPIDIUM DENSIFLORUM"
"242","LITHOSPERMUM INCISUM"
"243","MACHAERANTHERA PINNATIFIDA"
"244","OPUNTIA POLYACANTHA"
"245","PENSTEMON ALBIDUS"
"246","POLYGALA ALBA"
"247","PSORALIDIUM TENUIFLORUM"
"248","SPHAERALCEA COCCINEA"
"249","SPOROBOLUS CRYPTANDRUS"
"250","TRADESCANTIA OCCIDENTALIS"
"251","TRAGOPOGON DUBIUS"
"252","VERBENA STRICTA"
"253","AMBROSIA ARTEMISIIFOLIA"
"254","AMORPHA CANESCENS"
"255","AMPHICARPAEA BRACTEATA"
"256","CALAMOVILFA LONGIFOLIA"
"257","COREOPSIS PALMATA"
"258","DIGITARIA COGNATA"
"259","EUTHAMIA GRAMINIFOLIA"
"260","HELIANTHEMUM BICKNELLII"
"261","LATHYRUS VENOSUS"
"262","LESPEDEZA CAPITATA"
"263","MUHLENBERGIA RACEMOSA"
"264","PANICUM ACUMINATUM"
"265","PANICUM OLIGOSANTHES"
"266","PANICUM VIRGATUM"
"267","PENSTEMON GRACILIS"
"268","QUERCUS ELLIPSOIDALIS"
"269","QUERCUS MACROCARPA"
"270","SORGHASTRUM NUTANS"
"271","STIPA SPARTEA"
"272","SYMPHYOTRICHUM OOLENTANGIENSE"
"273","BAPTISIA ALBA"
"274","DALEA VILLOSA"
"275","KOELERIA MICRATHERA"
"276","LIATRIS ASPERA"
"277","MONARDA FISTULOSA"
"278","PETALOSTEMON CANDIDUS"
"279","PETALOSTEMON PURPUREUS"
"280","SOLIDAGO NEMORALIS"
"281","TARAXACUM CAMPYLODES"
"282","ALLIONIA INCARNATA"
"283","ARISTIDA MENDOCINA"
"284","BOERHAVIA DIFFUSA"
"285","BOUTELOUA ARISTIDOIDES"
"286","BRACHIARIA PAUCISPICATA"
"287","CENCHRUS CILIARIS"
"288","CORDOBIA ARGENTEA"
"289","COTTEA PAPPOPHOROIDES"
"290","DIGITARIA CALIFORNICA"
"291","ERAGROSTIS ORTHOCLADA"
"292","EUPHORBIA EICHLERI"
"293","GAYA PARVIFLORA"
"294","GOUINIA PARAGUAYENSIS"
"295","LARREA DIVARICATA"
"296","LEPTOCHLOA DUBIA"
"297","PAPPOPHORUM KRAPOVICKASII"
"298","PROSOPIS PUGIONATA"
"299","PROSOPIS TORQUATA"
"300","RHYNCHOSIDA PHYSOCALYX"
"301","SETARIA PAMPEANA"
"302","SIDA ARGENTINA"
"303","TRAGIA HIERONYMI"
"304","XEROALOYSIA OVATIFOLIA"
"305","BACCHARIS GILLIESII"
"306","NASSELLA LONGIGLUMIS"
"307","NASSELLA TENUIS"
"308","NOTICASTRUM SERICEUM"
"309","PAPPOPHORUM MUCRONULATUM"
"310","POA LIGULARIS"
"311","SCHINUS JOHNSTONII"
"312","EREMOPHILA GILESII"
"313","ACMELLA DECUMBENS"
"314","ALLIUM NEAPOLITANUM"
"315","AMBROSIA TENUIFOLIA"
"316","ASTER SQUAMATUS"
"317","BACCHARIS PINGRAEA"
"318","BRIZA SUBARISTATA"
"319","CAREX BONARIENSIS"
"320","CAREX PHALAROIDES"
"321","CIRSIUM VULGARE"
"322","CYPELLA HERBERTII"
"323","CYPERUS ERAGROSTIS"
"324","DANTHONIA MONTEVIDENSIS"
"325","ELEOCHARIS VIRIDANS"
"326","ERIGERON BONARIENSIS"
"327","FESTUCA ARUNDINACEA"
"328","HYDROCOTYLE BONARIENSIS"
"329","JAEGERIA HIRTA"
"330","LEERSIA HEXANDRA"
"331","LOTUS GLABER"
"332","LYTHRUM HYSSOPIFOLIA"
"333","PANICUM BERGII"
"334","PANICUM GOUINII"
"335","PANICUM SABULORUM"
"336","PASPALIDIUM PALUDIVAGUM"
"337","PASPALUM DILATATUM"
"338","PASPALUM VAGINATUM"
"339","PHYLA CANESCENS"
"340","POLYPOGON ELONGATUS"
"341","SETARIA PARVIFLORA"
"342","STEINCHISMA HIANS"
"343","STENOTAPHRUM SECUNDATUM"
"344","CENTAUREA HYSSOPIFOLIA"
"345","GYPSOPHILA STRUTHIUM"
"346","HELIANTHEMUM SQUAMATUM"
"347","LEPIDIUM SUBULATUM"
"348","ASTRAGALUS MISER"
"349","CHRYSOTHAMNUS VISCIDIFLORUS"
"350","ELYMUS SPICATUS"
"351","EREMOGONE CONGESTA"
"352","FESTUCA IDAHOENSIS"
"353","PHLOX MULTIFLORA"
"354","POA CUSICKII"
"355","PTERYXIA HENDERSONII"
"356","SEDUM LANCEOLATUM"
"357","CALOTIS LAPPULACEA"
"358","EMEX AUSTRALIS"
"359","EREMOPHILA DUTTONII"
"360","PTILOTUS ATRIPLICIFOLIUS"
"361","STIPA SCABRA"
"362","ACER MACROPHYLLUM"
"363","ACMISPON PARVIFLORUS"
"364","AIRA CARYOPHYLLEA"
"365","ANTHOXANTHUM ODORATUM"
"366","BERBERIS NERVOSA"
"367","CAMASSIA QUAMASH"
"368","CAREX INOPS"
"369","CERASTIUM GLOMERATUM"
"370","CLAYTONIA PERFOLIATA"
"371","CYTISUS SCOPARIUS"
"372","DACTYLIS GLOMERATA"
"373","DELPHINIUM MENZIESII"
"374","DODECATHEON HENDERSONII"
"375","ELYMUS GLAUCUS"
"376","ERYTHRONIUM OREGONUM"
"377","GERANIUM MOLLE"
"378","LATHYRUS SPHAERICUS"
"379","LOMATIUM NUDICAULE"
"380","LOMATIUM UTRICULATUM"
"381","MELICA SUBULATA"
"382","QUERCUS GARRYANA"
"383","RANUNCULUS OCCIDENTALIS"
"384","SANICULA CRASSICAULIS"
"385","TRIFOLIUM DUBIUM"
"386","VALERIANA samolifolia"
"387","VALERIANELLA LOCUSTA"
"388","VICIA HIRSUTA"
"389","CEPHALIPTERUM DRUMMONDII"
"390","CUCUMIS MYRIOCARPUS"
"391","CUSCUTA PLANIFLORA"
"392","ENNEAPOGON CAERULESCENS"
"393","ENNEAPOGON POLYPHYLLUS"
"394","ERAGROSTIS DIELSII"
"395","ERODIUM AUREUM"
"396","EUPHORBIA DRUMMONDII"
"397","GOODENIA MIMULOIDES"
"398","ISOETOPSIS GRAMINIFOLIA"
"399","MAIREANA CARNOSA"
"400","MAIREANA SEDIFOLIA"
"401","MAIREANA TRICHOPTERA"
"402","MEDICAGO MINIMA"
"403","PTILOTUS OBOVATUS"
"404","RYTIDOSPERMA CAESPITOSUM"
"405","SALVIA VERBENACA"
"406","SCLEROLAENA OBLIQUICUSPIS"
"407","SIDA INTRICATA"
"408","SIDA SPODOCHROMA"
"409","STIPA NITIDA"
"410","VITTADINIA EREMAEA"
"411","VITTADINIA HUMERATA"
"412","ARISTIDA CONTORTA"
"413","CALOTIS HISPIDULA"
"414","CENTAUREA MELITENSIS"
"415","ENTEROPOGON RAMOSUS"
"416","MARSDENIA AUSTRALIS"
"417","PASPALIDIUM CLEMENTII"
"418","PTILOTUS HOLOSERICEUS"
"419","STIPA elegantissima"
"420","SWAINSONA AFFINIS"
"421","GENISTA SCORPIUS"
"422","HELIANTHEMUM LAVANDULIFOLIUM"
"423","HELIANTHEMUM MARIFOLIUM"
"424","HELICHRYSUM STOECHAS"
"425","HERNIARIA FRUTICOSA"
"426","JUNIPERUS PHOENICEA"
"427","THYMELAEA TINCTORIA"
"428","AGRIMONIA EUPATORIA"
"429","AGROSTIS STOLONIFERA"
"430","ARTEMISIA VULGARIS"
"431","CAMPANULA PATULA"
"432","CREPIS TECTORUM"
"433","DAUCUS CAROTA"
"434","EQUISETUM ARVENSE"
"435","FESTUCA PRATENSIS"
"436","FRAGARIA VESCA"
"437","HELICTOTRICHON PUBESCENS"
"438","LATHYRUS PRATENSIS"
"439","LEONTODON HISPIDUS"
"440","LUZULA MULTIFLORA"
"441","POA ANGUSTIFOLIA"
"442","POTENTILLA ANSERINA"
"443","RUMEX ACETOSA"
"444","SILENE NUTANS"
"445","STELLARIA GRAMINEA"
"446","VERONICA CHAMAEDRYS"
"447","ERIGERON ANNUUS"
"448","GEUM CANADENSE"
"449","HOLOSTEUM UMBELLATUM"
"450","POA COMPRESSA"
"451","SYMPHYOTRICHUM LANCEOLATUM"
"452","SYMPHYOTRICHUM NOVAE-ANGLIAE"
"453","VITIS VULPINA"
"454","ARISTIDA HOLATHERA"
"455","CALANDRINIA BALONENSIS"
"456","ERIACHNE ARISTIDEA"
"457","GOODENIA CYCLOPTERA"
"458","OLDENLANDIA PTEROSPORA"
"459","PTILOTUS POLYSTACHYUS"
"460","TRACHYMENE GLAUCIFOLIA"
"461","TRIODIA BASEDOWII"
"462","YAKIRRA AUSTRALIENSIS"
"463","AGROSTIS VENUSTA"
"464","ASPERULA GUNNII"
"465","ASTEROLASIA TRYMALIOIDES"
"466","BRACHYSCOME DECIPIENS"
"467","CAREX BREVICULMIS"
"468","CAREX HEBES"
"469","CELMISIA COSTINIANA"
"470","CHAEROPHYLLUM ERIOPODUM"
"471","CRASPEDIA AURANTIA"
"472","ERIGERON BELLIDIOIDES"
"473","GREVILLEA AUSTRALIS"
"474","MELICYTUS DENTATUS"
"475","MICROSERIS LANCEOLATA"
"476","PHEBALIUM SQUAMULOSUM"
"477","PIMELEA ALPINA"
"478","PLANTAGO EURYPHYLLA"
"479","POA HIEMATA"
"480","POA HOTHAMENSIS"
"481","RANUNCULUS VICTORIENSIS"
"482","RUMEX ACETOSELLA"
"483","RYTIDOSPERMA NUDIFLORUM"
"484","TRACHYMENE HUMILIS"
"485","TRISETUM SPICATUM"
"486","VIOLA BETONICIFOLIA"
"487","ACMISPON STRIGOSUS"
"488","CRYPTANTHA CIRCUMSCISSA"
"489","DESCURAINIA PINNATA"
"490","ERIOGONUM MACULATUM"
"491","ERIOGONUM PUSILLUM"
"492","ERIOPHYLLUM WALLACEI"
"493","ERODIUM CICUTARIUM"
"494","LUPINUS CONCINNUS"
"495","PLAGIOBOTHRYS ARIZONICUS"
"496","SCHISMUS BARBATUS"
"497","TROPIDOCARPUM GRACILE"
"498","CAMISSONIA PALMERI"
"499","CENTROSTEGIA THURBERI"
"500","EUPHORBIA ALBOMARGINATA"
"501","MALACOTHRIX GLABRATA"
"502","MENTZELIA ASPERA"
"503","PECTOCARYA SETOSA"
"504","TOXICOSCORDION BREVIBRACTEATUM"
"505","ARISTIDA SETIFOLIA"
"506","AXONOPUS AUREUS"
"507","AXONOPUS POLYDACTYLUS"
"508","CHAMAECRISTA FLEXUOSA"
"509","CHAMAECRISTA RAMOSA"
"510","COMOLIA VILLOSA"
"511","CUPHEA FLAVA"
"512","DIODELLA APICULATA"
"513","ELEPHANTOPUS HIRTIFLORUS"
"514","LAGENOCARPUS GUIANENSIS"
"515","MELOCACTUS BAHIENSIS"
"516","MICROSTACHYS CORNICULATA"
"517","PASPALUM GARDNERIANUM"
"518","PERAMA HIRSUTA"
"519","POLYGALA LONGICAULIS"
"520","PORTULACA HIRSUTISSIMA"
"521","RHYNCHOSPORA HOLOSCHOENOIDES"
"522","RHYNCHOSPORA RIPARIA"
"523","STAELIA VIRGATA"
"524","STIGMAPHYLLON PARALIAS"
"525","STYLOSANTHES CAPITATA"
"526","STYLOSANTHES VISCOSA"
"527","TRACHYPOGON SPICATUS"
"528","WALTHERIA INDICA"
"529","ZORNIA SERICEA"
"530","ARTEMISIA NOVA"
"531","ARTEMISIA TRIDENTATA"
"532","BROMUS TECTORUM"
"533","DALEA SEARLSIAE"
"534","LINUM PERENNE"
"535","LUPINUS ARGENTEUS"
"536","ORTHOCARPUS TOLMIEI"
"537","PSEUDOROEGNERIA SPICATA"
"538","PURSHIA TRIDENTATA"
"539","THLASPI ARVENSE"
"540","WYETHIA AMPLEXICAULIS"
"541","CALLUNA VULGARIS"
"542","CAREX ARENARIA"
"543","DESCHAMPSIA FLEXUOSA"
"544","EMPETRUM NIGRUM"
"545","SALIX REPENS"
"546","ACER SACCHARUM"
"547","LIRIODENDRON TULIPIFERA"
"548","PRUNUS SEROTINA"
"549","QUERCUS RUBRA"
"550","SASSAFRAS ALBIDUM"
"551","APHANES ARVENSIS"
"552","ARENARIA SERPYLLIFOLIA"
"553","BELLIS PERENNIS"
"554","CLINOPODIUM VULGARE"
"555","CONVOLVULUS ARVENSIS"
"556","FALCARIA VULGARIS"
"557","FRAGARIA VIRIDIS"
"558","GERANIUM DISSECTUM"
"559","GERANIUM PUSILLUM"
"560","GLECHOMA HEDERACEA"
"561","ACAENA ECHINATA"
"562","AIRA ELEGANTISSIMA"
"563","APHELIA PUMILIO"
"564","ASTROLOMA HUMIFUSUM"
"565","BLENNOSPORA DRUMMONDII"
"566","BRACHYSCOME PERPUSILLA"
"567","CALADENIA CARNEA"
"568","CALADENIA TENTACULATA"
"569","CALYTRIX TETRAGONA"
"570","CHAMAESCILLA CORYMBOSA"
"571","CHRYSOCEPHALUM APICULATUM"
"572","Centrolepis ARISTATA"
"573","Centrolepis POLYGYNA"
"574","Centrolepis STRIGOSA"
"575","DAUCUS GLOCHIDIATUS"
"576","DICHOPOGON STRICTUS"
"577","DISTICHLIS distichophylla"
"578","DROSERA ABERRANS"
"579","DROSERA GLANDULIGERA"
"580","DROSERA HOOKERI"
"581","GNEPHOSIS DRUMMONDII"
"582","GOODENIA BLACKIANA"
"583","HYALOSPERMA DEMISSUM"
"584","HYDROCOTYLE FOVEOLATA"
"585","HYDROCOTYLE SETULOSA"
"586","HYPOCHAERIS GLABRA"
"587","HYPOLAENA FASTIGIATA"
"588","ISOLEPIS MARGINATA"
"589","LEPIDOSPERMA CARPHOIDES"
"590","LEPIDOSPERMA CONGESTUM"
"591","LEVENHOOKIA DUBIA"
"592","LOMANDRA JUNCEA"
"593","LOMANDRA NANA"
"594","Lagenophora stipitata"
"595","MICROSERIS SCAPIGERA"
"596","MILLOTIA MUELLERI"
"597","MILLOTIA TENUIFOLIA"
"598","NEURACHNE ALOPECUROIDEA"
"599","PELARGONIUM RODNEYANUM"
"600","PIMELEA HUMILIS"
"601","QUINETIA URVILLEI"
"602","RANUNCULUS ROBERTSONII"
"603","ROMULEA ROSEA"
"604","SCHOENUS APOGON"
"605","SILOXERUS MULTIFLORUS"
"606","SOLENOGYNE DOMINII"
"607","STIPA VAGINATA"
"608","THYSANOTUS PATERSONII"
"609","THYSANOTUS TUBEROSUS"
"610","WAHLENBERGIA GRACILENTA"
"611","WAHLENBERGIA STRICTA"
"612","WURMBEA DIOICA"
"613","BOERHAVIA SPICATA"
"614","EUPHORBIA GLYPTOSPERMA"
"615","KRAMERIA LANCEOLATA"
"616","PANICUM HIRTICAULE"
"617","PROSOPIS GLANDULOSA"
"618","SENNA BAUHINIOIDES"
"619","SPOROBOLUS FLEXUOSUS"
"620","TIDESTROMIA LANUGINOSA"
"621","ACOURTIA NANA"
"622","CROTON POTTSII"
"623","ERIOGONUM ANNUUM"
"624","GUTIERREZIA SAROTHRAE"
"625","PHYSALIS HEDERIFOLIA"
"626","SETARIA LEUCOPILA"
"627","SOLANUM ELAEAGNIFOLIUM"
"628","ZINNIA GRANDIFLORA"
"629","AGROSTIS SCABRA"
"630","ANDROSACE SEPTENTRIONALIS"
"631","ANEMONE PATENS"
"632","ARTEMISIA ABSINTHIUM"
"633","ASTRAGALUS FLEXUOSUS"
"634","ELYMUS TRACHYCAULUS"
"635","LACTUCA TATARICA"
"636","MUHLENBERGIA RICHARDSONIS"
"637","AGOSERIS GLAUCA"
"638","NASSELLA VIRIDULA"
"639","PASCOPYRUM SMITHII"
"640","ASTRAGALUS AGRESTIS"
"641","AXYRIS AMARANTHOIDES"
"642","ELYMUS LANCEOLATUS"
"643","FESTUCA HALLII"
"644","GEUM TRIFLORUM"
"645","SISYRINCHIUM MONTANUM"
"646","SYMPHYOTRICHUM FALCATUM"
"647","ARTEMISIA CAMPESTRIS"
"648","BASSIA LANIFLORA"
"649","BUGLOSSOIDES ARVENSIS"
"650","CAREX LIPAROCARPOS"
"651","CENTAUREA ARENARIA"
"652","CREPIS FOETIDA"
"653","DIANTHUS SEROTINUS"
"654","EUPHORBIA SEGUIERIANA"
"655","FESTUCA VAGINATA"
"656","FUMANA PROCUMBENS"
"657","GYPSOPHILA PANICULATA"
"658","MINUARTIA GLOMERATA"
"659","MYOSOTIS STRICTA"
"660","POLYGONUM ARENARIUM"
"661","SECALE SYLVESTRE"
"662","SILENE OTITES"
"663","STIPA PENNATA"
"664","SYRENIA CANA"
"665","ANTENNARIA NEGLECTA"
"666","ASCLEPIAS VIRIDIS"
"667","BOUTELOUA CURTIPENDULA"
"668","CAREX BREVIOR"
"669","CAREX MEADII"
"670","CYPERUS LUPULINUS"
"671","DALEA CANDIDA"
"672","ERIGERON STRIGOSUS"
"673","MIMOSA NUTTALLII"
"674","OXALIS STRICTA"
"675","PANICUM CAPILLARE"
"676","RUELLIA HUMILIS"
"677","SYMPHYOTRICHUM OBLONGIFOLIUM"
"678","TRIDENS FLAVUS"
"679","FAGUS SYLVATICA"
"680","PICEA ABIES"
"681","AGROSTIS CANINA"
"682","AGROSTIS CAPILLARIS"
"683","CAREX BINERVIS"
"684","CAREX ECHINATA"
"685","CAREX NIGRA"
"686","CAREX PANICEA"
"687","CAREX PILULIFERA"
"688","CORNUS SUECICA"
"689","DACTYLORHIZA MACULATA"
"690","DANTHONIA DECUMBENS"
"691","ERICA TETRALIX"
"692","FESTUCA VIVIPARA"
"693","GALIUM SAXATILE"
"694","HYLOCOMIUM SPLENDENS"
"695","HYPNUM JUTLANDICUM"
"696","LUZULA PILOSA"
"697","LYSIMACHIA EUROPAEA"
"698","MOLINIA CAERULEA"
"699","PEDICULARIS SYLVATICA"
"700","PLAGIOTHECIUM UNDULATUM"
"701","PLEUROZIUM SCHREBERI"
"702","POLYTRICHUM COMMUNE"
"703","POTENTILLA ERECTA"
"704","PSEUDOSCLEROPODIUM PURUM"
"705","RHYTIDIADELPHUS LOREUS"
"706","RHYTIDIADELPHUS SQUARROSUS"
"707","TRICHOPHORUM CESPITOSUM"
"708","VACCINIUM MYRTILLUS"
"709","VACCINIUM ULIGINOSUM"
"710","VACCINIUM VITIS-IDAEA"
"711","AVENELLA FLEXUOSA"
"712","ERIOPHORUM ANGUSTIFOLIUM"
"713","ERIOPHORUM VAGINATUM"
"714","JUNCUS SQUARROSUS"
"715","JUNIPERUS COMMUNIS"
"716","LEUCOBRYUM GLAUCUM"
"717","NARTHECIUM OSSIFRAGUM"
"718","PTILIUM CRISTA-CASTRENSIS"
"719","SORBUS AUCUPARIA"
"720","TRIENTALIS EUROPEA"
"721","AGROSTIS MONTEVIDENSIS"
"722","BROMUS CATHARTICUS"
"723","CAREX SORORIA"
"724","CYPERUS REFLEXUS"
"725","ELEOCHARIS BONARIENSIS"
"726","ERYNGIUM EBRACTEATUM"
"727","HORDEUM PUSILLUM"
"728","JUNCUS IMBRICATUS"
"729","JUNCUS MICROCEPHALUS"
"730","LATHYRUS CRASSIPES"
"731","MELILOTUS OFFICINALIS"
"732","PHYLA NODIFLORA"
"733","PLANTAGO MYOSUROS"
"734","POA LANIGERA"
"735","SENECIO SELLOI"
"736","SISYRINCHIUM PLATENSE"
"737","SPARTINA DENSIFLORA"
"738","GAILLARDIA ARISTATA"
"739","KRASCHENINNIKOVIA LANATA"
"740","RATIBIDA COLUMNIFERA"
"741","ABUTILON HALOPHILUM"
"742","ASTREBLA LAPPACEA"
"743","ASTREBLA PECTINATA"
"744","ERIOCHLOA PSEUDOACROTRICHA"
"745","AVENA BARBATA"
"746","BACCHARIS ULICINA"
"747","DIPLOTAXIS TENUIFOLIA"
"748","ERIGERON BLAKEI"
"749","LACTUCA SERRIOLA"
"750","NASSELLA NEESIANA"
"751","NASSELLA TRICHOTOMA"
"752","OXALIS CONORRHIZA"
"753","PAPPOPHORUM CAESPITOSUM"
"754","PAVONIA CYMBALARIA"
"755","SOLANUM aethiopicum"
"756","ACAMPTOPAPPUS SHOCKLEYI"
"757","AMBROSIA DUMOSA"
"758","CHAENACTIS FREMONTII"
"759","CHORIZANTHE RIGIDA"
"760","CHYLISMIA CLAVIFORMIS"
"761","CRYPTANTHA INTERMEDIA"
"762","EPHEDRA NEVADENSIS"
"763","ERIOPHYLLUM PRINGLEI"
"764","GRAYIA SPINOSA"
"765","LARREA TRIDENTATA"
"766","LINANTHUS JONESII"
"767","LOESELIASTRUM SCHOTTII"
"768","LYCIUM PALLIDUM"
"769","MONOPTILON BELLIDIFORME"
"770","NAMA ARETIOIDES"
"771","OXYTHECA PERFOLIATA"
"772","PRENANTHELLA EXIGUA"
"773","ALYSSUM DESERTORUM"
"774","CYMOPTERUS GLOMERATUS"
"775","ERIOGONUM EFFUSUM"
"776","POA SECUNDA"
"777","CERATOCEPHALA TESTICULATA"
"778","ANEMONE CAROLINIANA"
"779","BOTHRIOCHLOA LAGUROIDES"
"780","CALYLOPHUS SERRULATUS"
"781","CHAMAECRISTA FASCICULATA"
"782","CROTON MONANTHOGYNUS"
"783","DALEA PURPUREA"
"784","DESMANTHUS ILLINOENSIS"
"785","ERAGROSTIS SPECTABILIS"
"786","EUPHORBIA DENTATA"
"787","FIMBRISTYLIS PUBERULA"
"788","GALIUM VIRGATUM"
"789","HEDEOMA HISPIDA"
"790","HETEROTHECA SUBAXILLARIS"
"791","LESPEDEZA JUNCEA var. SERICEA"
"792","LIATRIS SQUARROSA"
"793","LINUM SULCATUM"
"794","PASPALUM SETACEUM"
"795","PLANTAGO VIRGINICA"
"796","RHUS COPALLINUM"
"797","SOLIDAGO LUDOVICIANA"
"798","SPHENOPHOLIS OBTUSATA"
"799","SPOROBOLUS COMPOSITUS"
"800","TRAGIA BETONICIFOLIA"
"801","VERBENA HALEI"
"802","ALLIUM ACUMINATUM"
"803","ARTEMISIA ARBUSCULA"
"804","BLEPHARIPAPPUS SCABER"
"805","COLLINSIA PARVIFLORA"
"806","DANTHONIA CALIFORNICA"
"807","DRABA VERNA"
"808","EPILOBIUM BRACHYCARPUM"
"809","ERIGERON BLOOMERI"
"810","ERIOGONUM SPHAEROCEPHALUM"
"811","NAVARRETIA INTERTEXTA SSP. PROPINQUA"
"812","NOTHOCALAIS TROXIMOIDES"
"813","PACKERA CANA"
"814","PHLOX HOODII"
"815","SEDUM STENOPETALUM"
"816","TRIFOLIUM MACROCEPHALUM"
"817","VENTENATA DUBIA"
"818","ACMISPON AMERICANUS"
"819","ARTEMISIA CANA"
"820","COLLOMIA GRANDIFLORA"
"821","ERIOPHYLLUM LANATUM var. LEUCOPHYLLUM"
"822","PERIDERIDIA OREGANA"
"823","POA BULBOSA"
"824","ACAENA PINNATIFIDA"
"825","ACAENA POEPPIGIANA"
"826","ADESMIA LOTOIDES"
"827","AGROSTIS INCONSPICUA"
"828","ARJONA TUBEROSA"
"829","ARMERIA MARITIMA"
"830","AZORELLA FUEGIANA"
"831","AZORELLA MONANTHA"
"832","BROMUS SETIFOLIUS"
"833","CALCEOLARIA UNIFLORA"
"834","CAREX ANDINA"
"835","CLINOPODIUM DARWINII"
"836","COLOBANTHUS LYCOPODOIDES"
"837","DESCHAMPSIA CESPITOSA"
"838","ERIGERON PATAGONICUS"
"839","FESTUCA PYROGEA"
"840","HYPOCHAERIS INCANA"
"841","JUNELLIA ODONELLII"
"842","LATHYRUS NERVOSUS"
"843","LEUCHERIA PURPUREA"
"844","LUZULA CHILENSIS"
"845","NARDOPHYLLUM BRYOIDES"
"846","NASSAUVIA ACULEATA"
"847","NASSAUVIA DARWINII"
"848","OXALIS ENNEAPHYLLA"
"849","PEREZIA RECURVATA"
"850","POA SPICIFORMIS"
"851","POLYGALA DARWINIANA"
"852","RYTIDOSPERMA VIRESCENS"
"853","SENECIO LASEGUEI"
"854","SENECIO MISER"
"855","STIPA SPECIOSA"
"856","AGROSTIS RUPESTRIS"
"857","ALCHEMILLA PENTAPHYLLEA"
"858","CAREX CURVULA"
"859","EUPHRASIA MINIMA"
"860","FESTUCA HALLERI"
"861","GNAPHALIUM SUPINUM"
"862","HELICTOTRICHON VERSICOLOR"
"863","HIERACIUM PILIFERUM"
"864","LEUCANTHEMOPSIS ALPINA"
"865","LIGUSTICUM MUTELLINA"
"866","LUZULA SPICATA"
"867","LYCOPODIUM ALPINUM"
"868","OREOCHLOA DISTICHA"
"869","PERSICARIA VIVIPARA"
"870","PHLEUM ALPINUM"
"871","PHYTEUMA HEMISPHAERICUM"
"872","POA ALPINA"
"873","POTENTILLA AUREA"
"874","PRIMULA GLUTINOSA"
"875","SALIX HERBACEA"
"876","SCORZONEROIDES HELVETICA"
"877","SOLDANELLA PUSILLA"
"878","TARAXACUM ALPINUM"
"879","ASTRANTIA MAJOR"
"880","CRUCIATA GLABRA"
"881","DAPHNE LAUREOLA"
"882","Epipactis PALUSTRIS"
"883","GYMNADENIA CONOPSEA"
"884","HEPATICA NOBILIS"
"885","NEOTTIA OVATA"
"886","OXALIS ACETOSELLA"
"887","PLANTAGO MEDIA"
"888","PRIMULA VERIS"
"889","SOLIDAGO VIRGAUREA"
"890","TARAXACUM PYRENAICUM"
"891","ALCHEMILLA IDAEUS"
"892","APOCYNUM CANNABINUM"
"893","DESMODIUM ILLINOENSE"
"894","SOLIDAGO SPECIOSA"
"895","SYMPHYOTRICHUM PILOSUM"
"896","CENTIPEDA CUNNINGHAMII"
"897","ERAGROSTIS SETIFOLIA"
"898","SCLEROLAENA ERIACANTHA"
"899","GALIUM MOLLUGO"
"900","HOLCUS LANATUS"
"901","JACOBAEA VULGARIS"
"902","LYSIMACHIA NUMMULARIA"
"903","POTENTILLA REPTANS"
"904","ANDROPOGON VIRGINICUS"
"905","ARISTIDA STRICTA"
"906","CARPHEPHORUS BELLIDIFOLIUS"
"907","CHAMAECRISTA NICTITANS"
"908","CHRYSOPSIS MARIANA"
"909","DESMODIUM ROTUNDIFOLIUM"
"910","DIOSPYROS VIRGINIANA"
"911","EUPATORIUM LEUCOLEPIS"
"912","EUPATORIUM ROTUNDIFOLIUM"
"913","EUPHORBIA PUBENTISSIMA"
"914","GALACTIA ERECTA"
"915","GALACTIA REGULARIS"
"916","IONACTIS LINARIIFOLIA"
"917","LESPEDEZA HIRTA"
"918","LESPEDEZA PROCUMBENS"
"919","LIATRIS COKERI"
"920","MORELLA CERIFERA"
"921","PANICUM COMMUTATUM"
"922","PARTHENIUM INTEGRIFOLIUM"
"923","PINUS PALUSTRIS"
"924","PITYOPSIS ASPERA"
"925","PTERIDIUM AQUILINUM"
"926","QUERCUS INCANA"
"927","QUERCUS LAEVIS"
"928","QUERCUS MARILANDICA"
"929","ROBINIA HISPIDA"
"930","SCLERIA TRIGLOMERATA"
"931","SERICOCARPUS ASTEROIDES"
"932","SYMPHYOTRICHUM WALTERI"
"933","VACCINIUM TENELLUM"
"934","CHENOPODIUM QUINOA"
"935","CYNODON DACTYLON"
"936","PASPALUM QUADRIFARIUM"
"937","SORGHUM HALEPENSE"
"938","ANAGALLIS ARVENSIS"
"939","BRACHYPODIUM DISTACHYON"
"940","BRIZA MAXIMA"
"941","CHLOROGALUM POMERIDIANUM"
"942","CYNOSURUS ECHINATUS"
"943","JUNCUS BUFONIUS"
"944","LINUM BIENNE"
"945","RUBUS URSINUS"
"946","SISYRINCHIUM BELLUM"
"947","STIPA PULCHRA"
"948","BROMUS DIANDRUS"
"949","CARDUUS PYCNOCEPHALUS"
"950","RAPHANUS SATIVUS"
"951","ESCHSCHOLZIA CALIFORNICA"
"952","EUPHORBIA LATA"
"953","HOFFMANNSEGGIA DREPANOCARPA"
"954","MUHLENBERGIA ARENICOLA"
"955","OPUNTIA PHAEACANTHA"
"956","SCLEROPOGON BREVIFOLIUS"
"957","ASTRAGALUS MISSOURIENSIS"
"958","SPHAERALCEA POLYCHROMA"
"959","ARISTIDA LONGESPICA"
"960","BAPTISIA BRACTEATA"
"961","BRIZA MINOR"
"962","CONYZA CANADENSIS"
"963","DIODIA TERES"
"964","GAILLARDIA AESTIVALIS"
"965","JUNCUS MARGINATUS"
"966","LECHEA MUCRONATA"
"967","LINUM MEDIUM"
"968","MONARDA PUNCTATA"
"969","NEPTUNIA LUTEA"
"970","OXALIS DILLENII"
"971","PANICUM BRACHYANTHUM"
"972","PHALARIS CAROLINIANA"
"973","RUBUS TRIVIALIS"
"974","RUMEX HASTATULUS"
"975","SCLERIA CILIATA"
"976","CARDIONEMA RAMOSISSIMUM"
"977","FACELIS RETUSA"
"978","GALIUM RICHARDIANUM"
"979","HOFFMANNSEGGIA TRIFOLIATA"
"980","HORDEUM MURINUM"
"981","PANICUM URVILLEANUM"
"982","PAPPOSTIPA SPECIOSA"
"983","PECTOCARYA LINEARIS"
"984","PIPTOCHAETIUM NAPOSTAENSE"
"985","SPOROBOLUS RIGENS"
"986","VULPIA BROMOIDES"
"987","ARTEMISIA INDICA"
"988","CALAMAGROSTIS EPIGEIOS"
"989","CAREX MIYABEI"
"990","GERANIUM THUNBERGII"
"991","IMPATIENS NOLI-TANGERE"
"992","JUNCUS EFFUSUS"
"993","PHALARIS ARUNDINACEA"
"994","PHRAGMITES AUSTRALIS"
"995","POLYGONUM THUNBERGII"
"996","RANUNCULUS REPENS"
"997","SYMPHYOTRICHUM NOVI-BELGII"
"998","VIOLA ARCUATA"
"999","ACALYPHA ANGUSTATA"
"1000","AFROASTER HISPIDA"
"1001","ARISTIDA JUNCIFORMIS"
"1002","BRACHIARIA SERRATA"
"1003","CEPHALARIA PUNGENS"
"1004","CHAETACANTHUS BURCHELLII"
"1005","COMMELINA AFRICANA"
"1006","CRABBEA SQUARROSA"
"1007","CROTALARIA MICROCARPA"
"1008","CYMBOPOGON CAESIUS"
"1009","DIHETEROPOGON AMPLECTENS"
"1010","DIPCADI VIRIDE"
"1011","ERIOSEMA CORDATUM"
"1012","GRADERIA SCABRA"
"1013","HELICHRYSUM NUDIFOLIUM"
"1014","HIBISCUS AETHIOPICUS"
"1015","HYPARRHENIA DREGEANA"
"1016","HYPOXIS FILIFORMIS"
"1017","INDIGOFERA HILARIS"
"1018","KOHAUTIA AMATYMBICA"
"1019","LEDEBOURIA APERTIFLORA"
"1020","PENTANISIA ANGUSTIFOLIA"
"1021","POLYGALA CONFUSA"
"1022","POLYGALA HOTTENTOTTA"
"1023","RUELLIA BAURII"
"1024","SENECIO BUPLEUROIDES"
"1025","SENECIO CORONATUS"
"1026","SENECIO DELTOIDEUS"
"1027","SENECIO RETRORSUS"
"1028","SETARIA NIGRIROSTRIS"
"1029","SETARIA SPHACELATA"
"1030","SPERMACOCE NATALENSIS"
"1031","TAGETES MINUTA"
"1032","THEMEDA TRIANDRA"
"1033","THUNBERGIA ATRIPLICIFOLIA"
"1034","TRAGIA MEYERIANA"
"1035","TRISTACHYA LEUCOTHRIX"
"1036","VIGNA VEXILLATA"
"1037","TRISETUM FLAVESCENS"
"1038","AXONOPUS FISSIFOLIUS"
"1039","COMMELINA CYANEA"
"1040","CONYZA SUMATRENSIS"
"1041","DICHELACHNE CRINITA"
"1042","EHRHARTA STIPOIDES"
"1043","ERAGROSTIS CURVULA"
"1044","KYLLINGA ODORATA"
"1045","SENECIO MADAGASCARIENSIS"
"1046","PARNASSIA PALUSTRIS"
"1047","ACER PSEUDOPLATANUS"
"1048","ATRIPLEX PROSTRATA"
"1049","CARDUUS CRISPUS"
"1050","FALLOPIA CONVOLVULUS"
"1051","GEUM URBANUM"
"1052","PAPAVER RHOEAS"
"1053","VERONICA PERSICA"
"1054","ACTINOBOLE ULIGINOSUM"
"1055","ALTERNANTHERA SESSILIS"
"1056","CRASSULA COLORATA"
"1057","GOODENIA CYLCOPTERA"
"1058","HARMSIODOXA BREVIPES"
"1059","LEMOORIA BURKITTII"
"1060","LOTUS "
"1061","RHODANTHE PYGMAEA"
"1062","THYRIDOLEPIS MITCHELLIANA"
"1063","LATHYRUS PALUSTRIS"
"1064","SYMPHORICARPOS OCCIDENTALIS"
"1065","AMBROSIA DELTOIDEA"
"1066","CALANDRINIA CILIATA"
"1067","HARPAGONELLA PALMERI"
"1068","LEPIDIUM LASIOCARPUM"
"1069","MONOLEPIS NUTTALLIANA"
"1070","CRYPTANTHA MARITIMA"
"1071","LOEFLINGIA SQUARROSA"
"1072","YUCCA GLAUCA"
"1073","ANEMONE CYLINDRICA"
"1074","CHONDROSUM HIRSUTUM"
"1075","FRANGULA ALNUS"
"1076","LITHOSPERMUM CAROLINIENSE"
"1077","PANICUM PERLONGUM"
"1078","PHLOX PILOSA"
"1079","POLYGONATUM BIFLORUM"
"1080","RANUNCULUS RHOMBOIDEUS"
"1081","SCUTELLARIA GALERICULATA"
"1082","SISYRINCHIUM CAMPESTRE"
"1083","VIOLA PEDATIFIDA"
"1084","ASCLEPIAS TUBEROSA"
"1085","LINARIA VULGARIS"
"1086","LUPINUS PERENNIS"
"1087","POA PALUSTRIS"
"1088","VERBASCUM THAPSUS"
"1089","BACCHARIS TENELLA"
"1090","EPHEDRA TRIANDRA"
"1091","MARGYRICARPUS PINNATUS"
"1092","PIPTOCHAETIUM MONTEVIDENSE"
"1093","STIPA PAPPOSA"
"1094","TRICHOCLINE SINUATA"
"1095","KENNEDIA PROCURRENS"
"1096","MEDICAGO LACINIATA"
"1097","ANTENNARIA MEDIA"
"1098","ERIGERON OCHROLEUCUS"
"1099","BRACHYCOME CAMPYLOCARPA"
"1100","BULBINE BULBOSA"
"1101","CALOTIS CYMBACANTHA"
"1102","CUPHONOTUS HUMISTRATUS"
"1103","ERODIUM CRINITUM"
"1104","HYALOSPERMA SEMISTERILE"
"1105","RHODANTHE FLORIBUNDA"
"1106","BROMUS CARINATUS"
"1107","MONTIA LINEARIS"
"1108","MYOSOTIS DISCOLOR"
"1109","NEMOPHILA PARVIFLORA"
"1110","OEMLERIA CERASIFORMIS"
"1111","SERICOCARPUS rigidus"
"1112","TEESDALIA NUDICAULIS"
"1113","MEDICAGO TRUNCATULA"
"1114","HELIANTHEMUM VIOLACEUM"
"1115","HELICTOTRICHON GERVAISII"
"1116","KOELERIA VALLESIANA"
"1117","SONCHUS TENERRIMUS"
"1118","ANDROPOGON LATERALIS"
"1119","ARISTIDA VENUSTULA"
"1120","ASPILIA MONTEVIDENSIS"
"1121","CENTELLA ASIATICA"
"1122","CHAMAECRISTA REPENS"
"1123","CHAPTALIA EXSCAPA"
"1124","CHEVREULIA ACUMINATA"
"1125","CHRYSOLAENA FLEXUOSA"
"1126","CLITORIA NANA"
"1127","COELORACHIS SELLOANA"
"1128","CUPHEA GLUTINOSA"
"1129","CYCLOSPERMUM LEPTOPHYLLUM"
"1130","DESMANTHUS VIRGATUS"
"1131","DESMODIUM INCANUM"
"1132","DICHONDRA MACROCALYX"
"1133","DICHONDRA SERICEA"
"1134","DIGITARIA VIOLASCENS"
"1135","ELEPHANTOPUS MOLLIS"
"1136","ERAGROSTIS NEESII"
"1137","ERAGROSTIS PLANA"
"1138","ERIGERON PRIMULIFOLIUM"
"1139","ERYNGIUM CILIATUM"
"1140","ERYNGIUM HORRIDUM"
"1141","FIMBRISTYLIS AUTUMNALIS"
"1142","FIMBRISTYLIS DICHOTOMA"
"1143","GALACTIA GRACILLIMA"
"1144","GLANDULARIA MARRUBIOIDES"
"1145","GNAPHALIUM AMERICANUM"
"1146","HABENARIA PARVIFLORA"
"1147","HYDROCOTYLE EXIGUA"
"1148","HYPOCHAERIS ALBIFLORA"
"1149","HYPOXIS DECUMBENS"
"1150","JUSTICIA AXILLARIS"
"1151","NASSELLA NUTANS"
"1152","ORTHOPAPPUS ANGUSTIFOLIUS"
"1153","OXALIS BRASILIENSIS"
"1154","PASPALUM NOTATUM"
"1155","PASPALUM PAUCIFOLIUM"
"1156","PASPALUM PLICATULUM"
"1157","PFAFFIA TUBEROSA"
"1158","PLANTAGO TOMENTOSA"
"1159","PSIDIUM SALUTARE"
"1160","RICHARDIA HUMISTRATA"
"1161","RUELLIA HYPERICOIDES"
"1162","RUELLIA MORONGII"
"1163","SCUTELLARIA RACEMOSA"
"1164","SISYRINCHIUM MICRANTHUM"
"1165","SPERMACOCE VERTICILLATA"
"1166","SPOROBOLUS INDICUS"
"1167","STENANDRIUM DULCE"
"1168","STYLOSANTHES LEIOCARPA"
"1169","VERNONANTHURA NUDIFLORA"
"1170","CLEOME VISCOSA"
"1171","INDIGOFERA COLUTEA"
"1172","EXOCARPOS NANUS"
"1173","ERIASTRUM EREMICUM"
"1174","FILAGO DEPRESSA"
"1175","ACACIA GREGGII"
"1176","GILIA SINUATA"
"1177","LEPTOSIPHON AUREUS"
"1178","SALVIA COLUMBARIAE"
"1179","STYLOCLINE PSILOCARPHOIDES"
"1180","AMELANCHIER ALNIFOLIA"
"1181","AVENA FATUA"
"1182","CRASSULA SIEBERIANA"
"1183","LOMANDRA COLLINA"
"1184","LOMANDRA MICRANTHA"
"1185","MICROTIS ARENARIA"
"1186","PENTASCHISTIS AIROIDES"
"1187","PODOSPERMA ANGUSTIFOLIUM"
"1188","TRICORYNE TENELLA"
"1189","CROTON potsii"
"1190","DESMANTHUS COOLEYI"
"1191","PORTULACA HALIMOIDES"
"1192","ACLEISANTHES CHENOPODIOIDES"
"1193","ERIOGONUM CORYMBOSUM"
"1194","EUPHORBIA SERRULA"
"1195","PHEMERANTHUS AURANTIACUS"
"1196","CARDUUS NUTANS"
"1197","ORTHOCARPUS LUTEUS"
"1198","ALKANNA TINCTORIA"
"1199","LINARIA GENISTIFOLIA"
"1200","SILENE CONICA"
"1201","ARISTOLOCHIA CHILENSIS"
"1202","BACCHARIS LINEARIS"
"1203","CHAETANTHERA MOENCHIOIDES"
"1204","COLLIGUAJA ODORIFERA"
"1205","ECHINOPSIS CHILOENSIS"
"1206","HELENIUM AROMATICUM"
"1207","PODANTHUS MITIQUI"
"1208","SENECIO ADENOTRICHIUS"
"1209","ACACIA CAVEN"
"1210","BLECHNUM SPICANT"
"1211","CALAMAGROSTIS VIRIDIFLAVESCENS"
"1212","CARDUUS ACANTHOIDES"
"1213","CENTAURIUM PULCHELLUM"
"1214","ERYNGIUM ECHINATUM"
"1215","LOLIUM MULTIFLORUM"
"1216","LYTHRUM HYSSOPIFOLIUM"
"1217","SOLIDAGO CHILENSIS"
"1218","VERONICA PEREGRINA"
"1219","CALOTIS PORPHYROGLOSSA"
"1220","COTULA AUSTRALIS"
"1221","HARMSIODOXA BLENNODIOIDES"
"1222","MINURIA DENTICULATA"
"1223","SCLEROLAENA TRICUSPIS"
"1224","STIPA CAUDATA"
"1225","CRYPTANTHA MICRANTHA"
"1226","GILIA BRECCIARUM"
"1227","RAFINESQUIA NEOMEXICANA"
"1228","AGROPYRON CRISTATUM"
"1229","VULPIA MICROSTACHYS"
"1230","IDAHOA SCAPIGERA"
"1231","COLLOMIA LINEARIS"
"1232","CORDYLANTHUS RAMOSUS"
"1233","GILIA MINIMA"
"1234","ARGYLIA RADIATA"
"1235","BAHIA AMBROSIOIDES"
"1236","BRIDGESIA INCISIFOLIA"
"1237","CHORIZANTHE KINGII"
"1238","CHUQUIRAGA ULICINA"
"1239","CUMULOPUNTIA SPHAERICA"
"1240","FLOURENSIA THURIFERA"
"1241","GUTIERREZIA RESINOSA"
"1242","HAPLOPAPPUS CERBEROANUS"
"1243","HELENIUM URMENETAE"
"1244","HELIOTROPIUM STENOPHYLLUM"
"1245","OXALIS TORTUOSA"
"1246","OXALIS VIRGOSA"
"1247","SENNA CUMINGII"
"1248","GLYCINE CANESCENS"
"1249","AGROSTIS GIGANTEA"
"1250","ALLIUM VINEALE"
"1251","JUNCUS CONGLOMERATUS"
"1252","VERONICA FILIFORMIS"
"1253","PANICUM LAXIFLORUM"
"1254","QUERCUS MARGARETTIAE"
"1255","SEYMERIA CASSIOIDES"
"1256","STYLOSANTHES BIFLORA"
"1257","TEPHROSIA VIRGINIANA"
"1258","CONIUM MACULATUM"
"1259","MEDICAGO POLYMORPHA"
"1260","ERODIUM BOTRYS"
"1261","EUPHORBIA EXSTIPULATA"
"1262","EUPHORBIA SERPYLLIFOLIA"
"1263","GUTIERREZIA SPHAEROCEPHALA"
"1264","KALLSTROEMIA PARVIFLORA"
"1265","KRASCHENINNIKOVIA CERATOIDES"
"1266","LESQUERELLA FENDLERI"
"1267","SPOROBOLUS CONTRACTUS"
"1268","ECHINOMASTUS INTERTEXTUS"
"1269","POA LANUGINOSA"
"1270","AGATHISANTHEMUM CHLOROPHYLLUM"
"1271","CRABBEA HIRSUTA"
"1272","CYANOTIS SPECIOSA"
"1273","CYMBOPOGON NARDUS"
"1274","HELICHRYSUM MICONIIFOLIUM"
"1275","HERMANNIA GRANDISTIPULA"
"1276","RHYNCHOSIA COOPERI"
"1277","SEBAEA SEDOIDES var. SCHOENLANDII"
"1278","STACHYS KUNTZEI"
"1279","BIDENS Bidens"
