"","site_code","Taxon","mean.ctrl.cover","mean.drt.cover","mean.cover.response"
"2","allmendb.ch","ACHILLEA MILLEFOLIUM",1.83333333333333,1.25,-0.583333333333333
"11","allmendb.ch","ASPERULA CYNANCHICA",0.25,0.25,0
"15","allmendb.ch","BRACHYPODIUM PINNATUM",18.5833333333333,13,-5.58333333333333
"19","allmendb.ch","BRIZA MEDIA",2.5,2.5,0
"23","allmendb.ch","BROMUS ERECTUS",17.25,22.0833333333333,4.83333333333333
"27","allmendb.ch","CAREX CARYOPHYLLEA",10.8333333333333,16.5,5.66666666666667
"31","allmendb.ch","CAREX FLACCA",4.375,0.25,-4.125
"39","allmendb.ch","CENTAUREA JACEA",2.33333333333333,1.5,-0.833333333333333
"43","allmendb.ch","CENTAUREA SCABIOSA",5.16666666666667,7.25,2.08333333333333
"47","allmendb.ch","CREPIS BIENNIS",1.75,0.5,-1.25
"51","allmendb.ch","ECHIUM VULGARE",0.25,0.375,0.125
"55","allmendb.ch","EUPHORBIA CYPARISSIAS",0.25,2,1.75
"60","allmendb.ch","FESTUCA OVINA",2.25,0.833333333333333,-1.41666666666667
"69","allmendb.ch","GLOBULARIA VULGARIS",1.75,0.375,-1.375
"73","allmendb.ch","HELIANTHEMUM NUMMULARIUM var. GRANDIFLORUM",6.25,10.8333333333333,4.58333333333333
"77","allmendb.ch","HELICTOTRICHON PRATENSE",2.75,4.25,1.5
"81","allmendb.ch","HIPPOCREPIS COMOSA",12.5,10.4166666666667,-2.08333333333333
"89","allmendb.ch","LEUCANTHEMUM VULGARE",1.375,1.5,0.125
"93","allmendb.ch","LINUM CATHARTICUM",2.5,2.08333333333333,-0.416666666666667
"97","allmendb.ch","LOTUS CORNICULATUS",0.916666666666667,1.33333333333333,0.416666666666667
"101","allmendb.ch","MEDICAGO LUPULINA",1,0.25,-0.75
"104","allmendb.ch","PIMPINELLA SAXIFRAGA",2.5,2.41666666666667,-0.0833333333333335
"108","allmendb.ch","PLANTAGO LANCEOLATA",0.25,1,0.75
"112","allmendb.ch","POLYGALA VULGARIS",2,1.41666666666667,-0.583333333333333
"116","allmendb.ch","POTENTILLA GRANDIFLORA",0.916666666666667,0.666666666666667,-0.25
"120","allmendb.ch","PRUNELLA VULGARIS",17.8333333333333,14.0833333333333,-3.75
"127","allmendb.ch","RHINANTHUS MINOR",0.416666666666667,2,1.58333333333333
"130","allmendb.ch","SALVIA PRATENSIS",1.125,3.25,2.125
"134","allmendb.ch","SANGUISORBA MINOR",2.66666666666667,2.5,-0.166666666666667
"138","allmendb.ch","SCABIOSA COLUMBARIA",2.58333333333333,1,-1.58333333333333
"147","allmendb.ch","TEUCRIUM CHAMAEDRYS",1,5.75,4.75
"151","allmendb.ch","THYMUS SERPYLLUM",2.16666666666667,1.66666666666667,-0.5
"155","allmendb.ch","TRIFOLIUM MONTANUM",1,0.25,-0.75
"159","allmendb.ch","TRIFOLIUM PRATENSE",1,0.75,-0.25
"162","allmendo.ch","ACHILLEA MILLEFOLIUM",1.25,0.75,-0.5
"166","allmendo.ch","ANTHYLLIS VULNERARIA",0.875,1.5,0.625
"170","allmendo.ch","ASPERULA CYNANCHICA",0.416666666666667,2.375,1.95833333333333
"174","allmendo.ch","BRACHYPODIUM PINNATUM",3.58333333333333,6.08333333333333,2.5
"178","allmendo.ch","BRIZA MEDIA",1.83333333333333,2.41666666666667,0.583333333333333
"182","allmendo.ch","BROMUS ERECTUS",22.8333333333333,15.6666666666667,-7.16666666666667
"186","allmendo.ch","CAREX CARYOPHYLLEA",12.4166666666667,14.1666666666667,1.75
"190","allmendo.ch","CAREX FLACCA",1.5,1.5,0
"195","allmendo.ch","CENTAUREA JACEA",1,2.25,1.25
"199","allmendo.ch","CENTAUREA SCABIOSA",4.125,1.75,-2.375
"204","allmendo.ch","EUPHORBIA CYPARISSIAS",2.25,1.75,-0.5
"209","allmendo.ch","FESTUCA OVINA",5.41666666666667,7.08333333333333,1.66666666666667
"213","allmendo.ch","GALIUM VERUM",1.75,0.875,-0.875
"217","allmendo.ch","GLOBULARIA VULGARIS",0.583333333333333,1.33333333333333,0.75
"221","allmendo.ch","GYPSOPHILA REPENS",0.25,0.5,0.25
"225","allmendo.ch","HELIANTHEMUM NUMMULARIUM var. GRANDIFLORUM",5.83333333333333,5.41666666666667,-0.416666666666666
"229","allmendo.ch","HELICTOTRICHON PRATENSE",1.08333333333333,3.75,2.66666666666667
"233","allmendo.ch","HIPPOCREPIS COMOSA",5.33333333333333,2.83333333333333,-2.5
"239","allmendo.ch","LINUM CATHARTICUM",2.08333333333333,1.66666666666667,-0.416666666666667
"243","allmendo.ch","LOTUS CORNICULATUS",0.625,0.375,-0.25
"249","allmendo.ch","PIMPINELLA SAXIFRAGA",2.33333333333333,2.16666666666667,-0.166666666666667
"253","allmendo.ch","PLANTAGO LANCEOLATA",0.75,0.75,0
"257","allmendo.ch","POLYGALA VULGARIS",0.375,0.5,0.125
"259","allmendo.ch","POTENTILLA GRANDIFLORA",5.25,3.25,-2
"263","allmendo.ch","PRUNELLA VULGARIS",7.91666666666667,4.16666666666667,-3.75
"267","allmendo.ch","RHINANTHUS MINOR",1.08333333333333,0.833333333333333,-0.25
"271","allmendo.ch","SALVIA PRATENSIS",0.5,3.875,3.375
"279","allmendo.ch","SCABIOSA COLUMBARIA",0.25,1.625,1.375
"284","allmendo.ch","TEUCRIUM CHAMAEDRYS",3.83333333333333,2.58333333333333,-1.25
"292","allmendo.ch","THYMUS SERPYLLUM",1.5,1.83333333333333,0.333333333333333
"296","allmendo.ch","TRIFOLIUM MONTANUM",0.666666666666667,0.5,-0.166666666666667
"299","antelope.us","BASSIA SCOPARIA",0.0457142857142857,0.70375,0.658035714285714
"303","antelope.us","CHONDROSUM ERIOPODUM",5.95625,5.68125,-0.274999999999999
"310","antelope.us","HILARIA JAMESII",4.2125,1.975,-2.2375
"316","antelope.us","MENTZELIA MONTANA",0.131428571428571,0.368333333333333,0.236904761904762
"324","antelope.us","SALSOLA KALI",0.25,0.933333333333333,0.683333333333333
"329","antelope.us","SPHAERALCEA HASTULATA",0.05,2,1.95
"336","ayora.es","ARGYROLOBIUM ZANONII",1,1,0
"341","ayora.es","BRACHYPODIUM RETUSUM",10.1666666666667,24.3333333333333,14.1666666666667
"345","ayora.es","CAREX DISTACHYA",7.5,2.5,-5
"348","ayora.es","CISTUS ALBIDUS",11.6666666666667,14.6666666666667,3
"351","ayora.es","CISTUS CLUSII",4.5,5,0.5
"360","ayora.es","DORYCNIUM PENTAPHYLLUM",9.2,8,-1.2
"363","ayora.es","FUMANA ERICIFOLIA",10.6,1.66666666666667,-8.93333333333333
"373","ayora.es","FUMARIA CAPREOLATA",1.6,1,-0.6
"375","ayora.es","GALIUM LUCIDUM",1,2.5,1.5
"381","ayora.es","HELIANTHEMUM CINEREUM",2.5,3,0.5
"384","ayora.es","HELICTOTRICHON FILIFOLIUM",17,7,-10
"390","ayora.es","LINUM SUFFRUTICOSUM",7.5,3,-4.5
"402","ayora.es","POLYGALA RUPESTRIS",1,1,0
"406","ayora.es","ROSMARINUS OFFICINALIS",68.5,80.3333333333333,11.8333333333333
"414","ayora.es","STIPA JUNCEA",6.8,1,-5.8
"420","ayora.es","THESIUM HUMIFUSUM",2,2,0
"427","ayora.es","ULEX PARVIFLORUS",41.5,26.6666666666667,-14.8333333333333
"434","baddrt.de","APERA SPICA-VENTI",4.7625,9.36666666666667,4.60416666666667
"440","baddrt.de","BROMUS HORDEACEUS",0.55,0.01,-0.54
"444","baddrt.de","BROMUS STERILIS",0.1025,5,4.8975
"453","baddrt.de","CIRSIUM ARVENSE",3.27777777777778,3.3,0.0222222222222221
"458","baddrt.de","CREPIS BIENNIS",4.85714285714286,6.5,1.64285714285714
"462","baddrt.de","CREPIS CAPILLARIS",1.61666666666667,9,7.38333333333333
"471","baddrt.de","EPILOBIUM TETRAGONUM",0.812,0.8,-0.012
"479","baddrt.de","GALIUM APARINE",0.07,0.1,0.03
"487","baddrt.de","HYPOCHAERIS RADICATA",0.2,1,0.8
"503","baddrt.de","PICRIS HIERACIOIDES",63,48,-15
"507","baddrt.de","PLANTAGO LANCEOLATA",0.05,0.3,0.25
"513","baddrt.de","POA TRIVIALIS",1.40333333333333,0.01,-1.39333333333333
"519","baddrt.de","RUMEX CRISPUS",5,0.5,-4.5
"525","baddrt.de","SOLIDAGO CANADENSIS",0.2,0.15,-0.05
"528","baddrt.de","SONCHUS ASPER",0.35,1,0.65
"529","baddrt.de","SONCHUS OLERACEUS",0.3275,0.1,-0.2275
"530","baddrt.de","TARAXACUM TARAXACUM",2.24,7.06,4.82
"556","baddrt.de","VULPIA MYUROS",4.34285714285714,3.53333333333333,-0.80952380952381
"561","bayrdrt.de","ACHILLEA MILLEFOLIUM",2,25,23
"569","bayrdrt.de","ALOPECURUS PRATENSIS",43.75,53,9.25
"578","bayrdrt.de","ARRHENATHERUM ELATIUS",24.42,30,5.58
"593","bayrdrt.de","CERASTIUM FONTANUM",1.275,1.03333333333333,-0.241666666666667
"602","bayrdrt.de","CYNOSURUS CRISTATUS",5,6.7,1.7
"615","bayrdrt.de","FESTUCA RUBRA",37,14,-23
"632","bayrdrt.de","HYPOCHAERIS RADICATA",0.1,3,2.9
"655","bayrdrt.de","LUZULA CAMPESTRIS",0.1,2,1.9
"660","bayrdrt.de","PHLEUM PRATENSE",5,7.66666666666667,2.66666666666667
"666","bayrdrt.de","PILOSELLA PILOSELLOIDES",1.5,25.05,23.55
"675","bayrdrt.de","POA PRATENSIS",8.33333333333333,6.6,-1.73333333333333
"687","bayrdrt.de","RANUNCULUS ACRIS",3.8,3,-0.8
"692","bayrdrt.de","RHINANTHUS MINOR",0.1,2,1.9
"700","bayrdrt.de","SCORZONEROIDES AUTUMNALIS",1,0.1,-0.9
"703","bayrdrt.de","TARAXACUM TARAXACUM",5.33333333333333,3,-2.33333333333333
"717","bayrdrt.de","TRIFOLIUM REPENS",5,2,-3
"734","bayrdrt.de","VICIA ARTICULATA",0.1,0.1,0
"735","bayrdrt.de","VICIA CRACCA",3,1.55,-1.45
"746","bayrdrt.de","VICIA SEPIUM",1,18.3666666666667,17.3666666666667
"760","bfl.us","ANDROPOGON GLOMERATUS",15.5,11.5,-4
"769","bfl.us","CROTON LINDHEIMERIANUS",1,1,0
"773","bfl.us","DESMANTHUS ACUMINATUS",6,11.5,5.5
"777","bfl.us","DICHANTHELIUM OLIGOSANTHES",10.6666666666667,32,21.3333333333333
"784","bfl.us","EVOLVULUS SERICEUS",1,1.33333333333333,0.333333333333333
"791","bfl.us","HEDEOMA ACINOIDES",1,1,0
"804","bfl.us","IVA ANGUSTIFOLIA",15,24.5,9.5
"811","bfl.us","LIATRIS PUNCTATA",13.6666666666667,11.5,-2.16666666666667
"814","bfl.us","LINUM RIGIDUM",1,8,7
"821","bfl.us","PHYLLANTHUS POLYGONOIDES",1,1,0
"824","bfl.us","PLANTAGO RHODOSPERMA",1,1,0
"827","bfl.us","POLYPREMUM PROCUMBENS",1,2.5,1.5
"830","bfl.us","RUDBECKIA HIRTA",1,1.5,0.5
"834","bfl.us","SCHIZACHYRIUM SCOPARIUM",9,6,-3
"836","bfl.us","STENARIA NIGRICANS",4,1,-3
"848","biddulph.ca","ARTEMISIA FRIGIDA",5,2,-3
"876","biddulph.ca","FESTUCA ALTAICA",2,0.5,-1.5
"878","biddulph.ca","HELICTOTRICHON HOOKERI",5,5,0
"884","biddulph.ca","KOELERIA MACRANTHA",0.75,1,0.25
"897","biddulph.ca","PSORALEA LANCEOLATA",6.5,11,4.5
"902","biddulph.ca","ROSA ARKANSANA",8,1,-7
"912","biddulph.ca","STIPA COMATA",12.5,14.5,2
"1260","brokenh.au","SCLEROLAENA DIACANTHA",1,1,0
"1262","brokenh.au","SIDA PETROPHILA",1.25,1,-0.25
"1263","brokenh.au","SOLANUM ELLIPTICUM",1,1,0
"1266","brookdale.ca","ACHILLEA MILLEFOLIUM",1,1.5,0.5
"1278","brookdale.ca","ANDROPOGON GERARDII",2.875,2.611111111,-0.263888889
"1282","brookdale.ca","ANEMONASTRUM CANADENSE",2,2.4375,0.4375
"1287","brookdale.ca","ARTEMISIA LUDOVICIANA",1.25,1.95,0.7
"1291","brookdale.ca","BROMUS INERMIS",3.1,3.65,0.55
"1297","brookdale.ca","CIRSIUM ARVENSE",1.9,2.1333333332,0.2333333332
"1306","brookdale.ca","CYPRIPEDIUM PARVIFLORUM",1.25,1,-0.25
"1314","brookdale.ca","GALIUM BOREALE",1.2833333334,1.3333333334,0.0499999999999998
"1318","brookdale.ca","GLYCYRRHIZA LEPIDOTA",4.35,3.75,-0.6
"1321","brookdale.ca","HELIANTHUS PAUCIFLORUS",1.08333333325,1.25,0.16666666675
"1328","brookdale.ca","LATHYRUS OCHROLEUCUS",2.5,2.08333333333333,-0.416666666666667
"1333","brookdale.ca","LIATRIS LIGULISTYLIS",1,1,0
"1336","brookdale.ca","LITHOSPERMUM CANESCENS",1,1.666666667,0.666666667
"1342","brookdale.ca","POA PRATENSIS",6.55,6.25,-0.3
"1347","brookdale.ca","ROSA ACICULARIS",1.5166666666,1.5666666666,0.05
"1351","brookdale.ca","SOLIDAGO CANADENSIS",2.4,2.9,0.5
"1355","brookdale.ca","SOLIDAGO RIGIDA",2.5,1.5,-1
"1358","brookdale.ca","SONCHUS ARVENSIS",1.55,1.95,0.4
"1366","brookdale.ca","SYMPHORICARPOS ALBUS",2.55,1.85,-0.7
"1370","brookdale.ca","SYMPHYOTRICHUM ERICOIDES",4,1.25,-2.75
"1378","brookdale.ca","THALICTRUM VENULOSUM",1,1.75,0.75
"1382","brookdale.ca","VICIA AMERICANA",1,1,0
"1385","brookdale.ca","VIOLA ADUNCA",1,1,0
"1390","brookdale.ca","ZIZIA APTERA",2,1,-1
"1399","capmcd.us","ASTRAGALUS NUTTALLIANUS",1,0.75,-0.25
"1401","capmcd.us","BROMUS RUBENS",0.5,0.5,0
"1406","capmcd.us","CHAENACTIS STEVIOIDES",1,0.5,-0.5
"1409","capmcd.us","DICHELOSTEMMA CAPITATUM",0.5,0.5,0
"1418","capmcd.us","ERODIUM TEXANUM",1,0.5,-0.5
"1419","capmcd.us","EUPHORBIA POLYCARPA",2.75,1.5,-1.25
"1430","capmcd.us","OTTLEYA STRIGOSA",0.5,1,0.5
"1435","capmcd.us","PECTOCARYA RECURVATA",5.21428571428571,2.85714285714286,-2.35714285714286
"1442","capmcd.us","PLANTAGO OVATA",8.71428571428571,23.7142857142857,15
"1446","capmcd.us","PLANTAGO PATAGONICA",0.75,4,3.25
"1449","capmcd.us","SCHISMUS ARABICUS",33.8571428571429,25.1428571428571,-8.71428571428571
"1453","capwhite.us","ACMISPON MARITIMUS",1.25,0.875,-0.375
"1457","capwhite.us","ASTRAGALUS NUTTALLIANUS",0.5,0.75,0.25
"1459","capwhite.us","CHORIZANTHE BREVICORNU",0.5,0.5,0
"1466","capwhite.us","LOGFIA ARIZONICA",0.928571428571428,4.7,3.77142857142857
"1470","capwhite.us","MONOPTILON BELLIOIDES",0.5,0.5,0
"1471","capwhite.us","OTTLEYA STRIGOSA",0.5,0.6,0.1
"1476","capwhite.us","PECTOCARYA PLATYCARPA",1.25,0.5,-0.75
"1479","capwhite.us","PECTOCARYA RECURVATA",0.5,0.5,0
"1482","capwhite.us","PHYSARIA GORDONII",0.5,0.5,0
"1485","capwhite.us","PLANTAGO OVATA",9.5,4.57142857142857,-4.92857142857143
"1488","capwhite.us","PLANTAGO PATAGONICA",1.5,1,-0.5
"1491","capwhite.us","SCHISMUS ARABICUS",35.7142857142857,7.71428571428571,-28
"1496","cdpt_drt.us","ARISTIDA PURPUREA",6,4.33333333333333,-1.66666666666667
"1498","cdpt_drt.us","ARTEMISIA FRIGIDA",4.66666666666667,11.5,6.83333333333333
"1501","cdpt_drt.us","BOUTELOUA GRACILIS",15,12.8333333333333,-2.16666666666667
"1502","cdpt_drt.us","BROMUS JAPONICUS",2,4,2
"1504","cdpt_drt.us","CAREX FILIFOLIA",18.5,19.1666666666667,0.666666666666668
"1505","cdpt_drt.us","CHENOPODIUM ALBUM",0.1,0.1,0
"1506","cdpt_drt.us","COREOPSIS TINCTORIA",3.5,2.25,-1.25
"1508","cdpt_drt.us","DICHANTHELIUM OLIGOSANTHES",3,0.5,-2.5
"1511","cdpt_drt.us","GAURA COCCINEA",2,1,-1
"1512","cdpt_drt.us","HELIANTHUS ANNUUS",0.5,0.866666666666667,0.366666666666667
"1513","cdpt_drt.us","HESPEROSTIPA COMATA",10.1666666666667,15.5,5.33333333333333
"1515","cdpt_drt.us","KOELERIA MACRANTHA",10,12,2
"1517","cdpt_drt.us","LIATRIS PUNCTATA",0.5,1,0.5
"1519","cdpt_drt.us","LITHOSPERMUM INCISUM",2.75,2.16666666666667,-0.583333333333333
"1520","cdpt_drt.us","LYGODESMIA JUNCEA",1.2,0.55,-0.65
"1521","cdpt_drt.us","MACHAERANTHERA PINNATIFIDA",0.3,0.1,-0.2
"1522","cdpt_drt.us","OPUNTIA POLYACANTHA",0.1,1,0.9
"1526","cdpt_drt.us","PSORALIDIUM TENUIFLORUM",1.66666666666667,6.36666666666667,4.7
"1527","cdpt_drt.us","SPHAERALCEA COCCINEA",1,1.9,0.9
"1528","cdpt_drt.us","SPOROBOLUS CRYPTANDRUS",3,1.125,-1.875
"1532","cedarsav.us","AMBROSIA ARTEMISIIFOLIA",8,1.5,-6.5
"1536","cedarsav.us","AMORPHA CANESCENS",2.33333333333333,6.75,4.41666666666667
"1541","cedarsav.us","ANDROPOGON GERARDII",17.1428571428571,8.8,-8.34285714285714
"1547","cedarsav.us","ARTEMISIA LUDOVICIANA",1,1,0
"1551","cedarsav.us","CALAMOVILFA LONGIFOLIA",5,5,0
"1555","cedarsav.us","COMANDRA UMBELLATA",9.66666666666667,6.66666666666667,-3
"1558","cedarsav.us","COREOPSIS PALMATA",27.5,6.66666666666667,-20.8333333333333
"1566","cedarsav.us","EUTHAMIA GRAMINIFOLIA",4.33333333333333,4,-0.333333333333333
"1575","cedarsav.us","LATHYRUS VENOSUS",5,4.5,-0.5
"1580","cedarsav.us","LITHOSPERMUM CANESCENS",3,4.33333333333333,1.33333333333333
"1588","cedarsav.us","PANICUM ACUMINATUM",3,4,1
"1595","cedarsav.us","POA PRATENSIS",5.4,5.6,0.199999999999999
"1603","cedarsav.us","QUERCUS MACROCARPA",6,15,9
"1608","cedarsav.us","SCHIZACHYRIUM SCOPARIUM",20.625,17,-3.625
"1614","cedarsav.us","SORGHASTRUM NUTANS",12.5,25,12.5
"1625","cedartrait.us","ACHILLEA MILLEFOLIUM",1,1,0
"1635","cedartrait.us","ANDROPOGON GERARDII",17,6.4,-10.6
"1647","cedartrait.us","COREOPSIS PALMATA",25,13,-12
"1652","cedartrait.us","DALEA VILLOSA",3.16666666666667,3,-0.166666666666667
"1658","cedartrait.us","KOELERIA MICRATHERA",5,4,-1
"1662","cedartrait.us","LESPEDEZA CAPITATA",2.33333333333333,2.75,0.416666666666667
"1666","cedartrait.us","LIATRIS ASPERA",8.42857142857143,11.8,3.37142857142857
"1674","cedartrait.us","MONARDA FISTULOSA",2,8,6
"1681","cedartrait.us","PANICUM VIRGATUM",1,4,3
"1684","cedartrait.us","PETALOSTEMON CANDIDUS",1,1,0
"1688","cedartrait.us","PETALOSTEMON PURPUREUS",5.77777777777778,5.66666666666667,-0.111111111111111
"1693","cedartrait.us","POA PRATENSIS",4.125,2.6,-1.525
"1697","cedartrait.us","ROSA ARKANSANA",12,15,3
"1701","cedartrait.us","SCHIZACHYRIUM SCOPARIUM",10.1111111111111,6,-4.11111111111111
"1705","cedartrait.us","SOLIDAGO NEMORALIS",10,7,-3
"1709","cedartrait.us","SOLIDAGO RIGIDA",20,9,-11
"1713","cedartrait.us","SORGHASTRUM NUTANS",15,2,-13
"1719","cerrillos.ar","ALLIONIA INCARNATA",0.94,1.25,0.31
"1723","cerrillos.ar","ARISTIDA MENDOCINA",11.67,19.3766666666667,7.70666666666667
"1732","cerrillos.ar","BOUTELOUA ARISTIDOIDES",12.815,36.565,23.75
"1745","cerrillos.ar","CORDOBIA ARGENTEA",16.4633333333333,8.75333333333333,-7.71
"1749","cerrillos.ar","COTTEA PAPPOPHOROIDES",8.12666666666667,1.25,-6.87666666666667
"1755","cerrillos.ar","ERAGROSTIS ORTHOCLADA",4.38,0.63,-3.75
"1763","cerrillos.ar","GAYA PARVIFLORA",2.505,1.88,-0.625
"1767","cerrillos.ar","GOUINIA PARAGUAYENSIS",2.815,7.5,4.685
"1771","cerrillos.ar","LARREA DIVARICATA",32.2933333333333,19.5033333333333,-12.79
"1780","cerrillos.ar","PAPPOPHORUM KRAPOVICKASII",0.836666666666667,17.5033333333333,16.6666666666667
"1802","cerrillos.ar","SETARIA PAMPEANA",20.0033333333333,3.75,-16.2533333333333
"1806","cerrillos.ar","SIDA ARGENTINA",3.96,2.08666666666667,-1.87333333333333
"1830","chacra.ar","NASSELLA LONGIGLUMIS",50,36.6666666666667,-13.3333333333333
"1834","chacra.ar","NASSELLA TENUIS",1,3.5,2.5
"1846","chacra.ar","POA LIGULARIS",5,1,-4
"1887","charleville.au","EREMOPHILA GILESII",45,46.6666666666667,1.66666666666666
"1889","chilcasdrt.ar","ACMELLA DECUMBENS",0.25,0.25,0
"1894","chilcasdrt.ar","ALLIUM NEAPOLITANUM",0.25,0.25,0
"1897","chilcasdrt.ar","AMBROSIA TENUIFOLIA",2.1,2.95833333333333,0.858333333333333
"1905","chilcasdrt.ar","BACCHARIS PINGRAEA",2.5,5,2.5
"1916","chilcasdrt.ar","CAREX PHALAROIDES",2.5,0.25,-2.25
"1928","chilcasdrt.ar","CYPERUS ERAGROSTIS",1,0.25,-0.75
"1937","chilcasdrt.ar","ERIGERON BONARIENSIS",5,1,-4
"1941","chilcasdrt.ar","FESTUCA ARUNDINACEA",64.1666666666667,66.6666666666667,2.5
"1953","chilcasdrt.ar","LEERSIA HEXANDRA",1,0.625,-0.375
"1958","chilcasdrt.ar","LOTUS GLABER",2.58333333333333,3,0.416666666666667
"1966","chilcasdrt.ar","PANICUM BERGII",1.375,0.25,-1.125
"1973","chilcasdrt.ar","PASPALIDIUM PALUDIVAGUM",3.75,10,6.25
"1976","chilcasdrt.ar","PASPALUM DILATATUM",15.875,15.625,-0.25
"1982","chilcasdrt.ar","PASPALUM VAGINATUM",0.25,0.25,0
"1992","chilcasdrt.ar","STEINCHISMA HIANS",5,3,-2
"1995","chilcasdrt.ar","STENOTAPHRUM SECUNDATUM",5.125,5,-0.125
"2000","ciempoz.es","GYPSOPHILA STRUTHIUM",4.6725,8.034,3.3615
"2004","ciempoz.es","HELIANTHEMUM SQUAMATUM",5.405,1.51416666666667,-3.89083333333333
"2008","ciempoz.es","LEPIDIUM SUBULATUM",15.9407142857143,12.9378571428571,-3.00285714285714
"2012","ciempoz.es","THYMUS VULGARIS",8.52375,7.91416666666667,-0.609583333333333
"2023","cmss.us","ASTRAGALUS MISER",6.33333333333333,2,-4.33333333333333
"2029","cmss.us","CERASTIUM ARVENSE",2,5,3
"2037","cmss.us","ELYMUS SPICATUS",12.5,10,-2.5
"2041","cmss.us","EREMOGONE CONGESTA",2,5,3
"2047","cmss.us","FESTUCA IDAHOENSIS",27.5,25,-2.5
"2056","cmss.us","PHLOX MULTIFLORA",10,13.3333333333333,3.33333333333333
"2060","cmss.us","POA CUSICKII",10,10,0
"2068","cmss.us","SEDUM LANCEOLATUM",2,2,0
"2073","cobar.au","CALOTIS LAPPULACEA",1.33333333333333,1,-0.333333333333333
"2078","cobar.au","PTILOTUS ATRIPLICIFOLIUS",7.33333333333333,1.33333333333333,-6
"2082","cobar.au","SCLEROLAENA DIACANTHA",1,1,0
"2085","cobar.au","STIPA SCABRA",3.5,12,8.5
"2086","cobar.au","TRIPOGON LOLIIFORMIS",1.5,1,-0.5
"2087","cowidrt.ca","ACER MACROPHYLLUM",2,1,-1
"2092","cowidrt.ca","ACMISPON PARVIFLORUS",1,1,0
"2099","cowidrt.ca","ANTHOXANTHUM ODORATUM",3.33333333333333,3.4,0.0666666666666664
"2110","cowidrt.ca","BROMUS STERILIS",13,3.33333333333333,-9.66666666666667
"2115","cowidrt.ca","CAMASSIA QUAMASH",3,5,2
"2122","cowidrt.ca","CAREX INOPS",6.25,3,-3.25
"2126","cowidrt.ca","CERASTIUM ARVENSE",2,1.5,-0.5
"2130","cowidrt.ca","CERASTIUM GLOMERATUM",1,1,0
"2133","cowidrt.ca","CLAYTONIA PERFOLIATA",11.5,21.6666666666667,10.1666666666667
"2142","cowidrt.ca","DACTYLIS GLOMERATA",6.75,4.25,-2.5
"2146","cowidrt.ca","DELPHINIUM MENZIESII",4.5,2,-2.5
"2150","cowidrt.ca","DODECATHEON HENDERSONII",2.33333333333333,2.66666666666667,0.333333333333333
"2158","cowidrt.ca","ERYTHRONIUM OREGONUM",1.5,2,0.5
"2162","cowidrt.ca","GALIUM APARINE",1,1,0
"2166","cowidrt.ca","GERANIUM MOLLE",3,3.5,0.5
"2170","cowidrt.ca","LATHYRUS SPHAERICUS",2,1.5,-0.5
"2178","cowidrt.ca","LOMATIUM UTRICULATUM",9.5,3,-6.5
"2182","cowidrt.ca","MELICA SUBULATA",8.33333333333333,17.5,9.16666666666667
"2195","cowidrt.ca","POA PRATENSIS",3.8,2.8,-1
"2200","cowidrt.ca","QUERCUS GARRYANA",3,4,1
"2204","cowidrt.ca","RANUNCULUS OCCIDENTALIS",2,2,0
"2208","cowidrt.ca","SANICULA CRASSICAULIS",2.5,7.33333333333333,4.83333333333333
"2212","cowidrt.ca","SYMPHORICARPOS ALBUS",10.5,7.8,-2.7
"2219","cowidrt.ca","VALERIANA samolifolia",4,13,9
"2223","cowidrt.ca","VALERIANELLA LOCUSTA",1.8,2.5,0.7
"2227","cowidrt.ca","VERONICA ARVENSIS",1,1,0
"2231","cowidrt.ca","VICIA HIRSUTA",1.8,2.25,0.45
"2235","cowidrt.ca","VICIA SATIVA",1,1.75,0.75
"2240","credoj.au","CEPHALIPTERUM DRUMMONDII",0.5,0.5,0
"2245","credoj.au","CUSCUTA PLANIFLORA",0.5,0.5,0
"2246","credoj.au","ENNEAPOGON CAERULESCENS",8.4,7.33333333333333,-1.06666666666667
"2264","credoj.au","MAIREANA CARNOSA",4.8,1.4,-3.4
"2268","credoj.au","MAIREANA SEDIFOLIA",1.875,3.4,1.525
"2272","credoj.au","MAIREANA TRICHOPTERA",0.5,0.5,0
"2282","credoj.au","PTILOTUS OBOVATUS",2.25,0.75,-1.5
"2286","credoj.au","RYTIDOSPERMA CAESPITOSUM",1.125,2.33333333333333,1.20833333333333
"2288","credoj.au","SALVIA VERBENACA",0.6,0.5,-0.1
"2302","credoj.au","STIPA NITIDA",0.5,8.5,8
"2308","credoj.au","VITTADINIA EREMAEA",14.1,3.5,-10.6
"2312","credoj.au","VITTADINIA HUMERATA",0.5,2.75,2.25
"2318","credom.au","CEPHALIPTERUM DRUMMONDII",20,1,-19
"2323","credom.au","CUSCUTA PLANIFLORA",0.5,1,0.5
"2325","credom.au","ENNEAPOGON CAERULESCENS",11,7.5,-3.5
"2329","credom.au","ENNEAPOGON POLYPHYLLUS",0.666666666666667,1,0.333333333333333
"2335","credom.au","ERAGROSTIS DIELSII",1.25,0.5,-0.75
"2340","credom.au","EUPHORBIA DRUMMONDII",0.5,0.5,0
"2343","credom.au","GOODENIA MIMULOIDES",0.5,0.5,0
"2346","credom.au","ISOETOPSIS GRAMINIFOLIA",0.5,0.5,0
"2347","credom.au","MAIREANA CARNOSA",0.5,0.5,0
"2351","credom.au","MAIREANA SEDIFOLIA",10.25,1,-9.25
"2355","credom.au","MAIREANA TRICHOPTERA",0.5,0.5,0
"2359","credom.au","MEDICAGO MINIMA",5.75,2,-3.75
"2368","credom.au","PTILOTUS OBOVATUS",0.5,1.25,0.75
"2373","credom.au","RYTIDOSPERMA CAESPITOSUM",0.625,0.5,-0.125
"2376","credom.au","SALVIA VERBENACA",1.4,0.8,-0.6
"2393","credom.au","STIPA NITIDA",0.5,4.125,3.625
"2399","credom.au","VITTADINIA EREMAEA",0.5,0.5,0
"2413","ebro.es","GENISTA SCORPIUS",14.5877868876667,5.560632001,-9.02715488666667
"2420","ebro.es","HELIANTHEMUM LAVANDULIFOLIUM",2.534224,2.69166761133333,0.157443611333334
"2424","ebro.es","HELIANTHEMUM MARIFOLIUM",1.09352405566667,1.18580855566667,0.0922844999999999
"2432","ebro.es","HELICHRYSUM STOECHAS",0.0281435,0.2258025,0.197659
"2437","ebro.es","HERNIARIA FRUTICOSA",0.857831333333333,0.613775555666667,-0.244055777666667
"2447","ebro.es","LINUM SUFFRUTICOSUM",2.26493361133333,2.03222250033333,-0.232711111
"2451","ebro.es","POLYGALA RUPESTRIS",0.1915503335,0.494511111333333,0.302960777833333
"2455","ebro.es","ROSMARINUS OFFICINALIS",24.4980451783333,19.7574642233333,-4.740580955
"2462","ebro.es","TEUCRIUM CAPITATUM",1.13764135133333,0.152425777666667,-0.985215573666667
"2466","ebro.es","THYMELAEA TINCTORIA",0.401426667,3.45576,3.054333333
"2470","ebro.es","THYMUS VULGARIS",1.88843358233333,2.00895138866667,0.120517806333333
"2517","elvadrt.ee","ACHILLEA MILLEFOLIUM",2,6.66666666666667,4.66666666666667
"2529","elvadrt.ee","AGROSTIS STOLONIFERA",1,1,0
"2534","elvadrt.ee","ANTHOXANTHUM ODORATUM",1.33333333333333,1.5,0.166666666666667
"2546","elvadrt.ee","BRIZA MEDIA",23.3333333333333,25,1.66666666666667
"2555","elvadrt.ee","CERASTIUM ARVENSE",1,1,0
"2565","elvadrt.ee","DACTYLIS GLOMERATA",11.6666666666667,11.6666666666667,0
"2571","elvadrt.ee","DAUCUS CAROTA",1,1,0
"2576","elvadrt.ee","EQUISETUM ARVENSE",1,1.33333333333333,0.333333333333333
"2582","elvadrt.ee","FESTUCA PRATENSIS",6.66666666666667,7.33333333333333,0.666666666666666
"2588","elvadrt.ee","FESTUCA RUBRA",3,3,0
"2594","elvadrt.ee","FRAGARIA VESCA",14,12.3333333333333,-1.66666666666667
"2600","elvadrt.ee","HELICTOTRICHON PUBESCENS",1.33333333333333,1.5,0.166666666666667
"2611","elvadrt.ee","LATHYRUS PRATENSIS",20,5,-15
"2617","elvadrt.ee","LEONTODON HISPIDUS",6.33333333333333,4,-2.33333333333333
"2629","elvadrt.ee","LINUM CATHARTICUM",1,1.5,0.5
"2635","elvadrt.ee","LUZULA MULTIFLORA",2,3,1
"2641","elvadrt.ee","MEDICAGO LUPULINA",7.33333333333333,3,-4.33333333333333
"2649","elvadrt.ee","POA ANGUSTIFOLIA",1,1.5,0.5
"2655","elvadrt.ee","POTENTILLA ANSERINA",1,1,0
"2661","elvadrt.ee","RANUNCULUS ACRIS",2,2,0
"2667","elvadrt.ee","RUMEX ACETOSA",1,1,0
"2681","elvadrt.ee","STELLARIA GRAMINEA",1,1,0
"2693","elvadrt.ee","TRIFOLIUM REPENS",1,2,1
"2699","elvadrt.ee","VERONICA CHAMAEDRYS",1,1.5,0.5
"2705","elvadrt.ee","VICIA CRACCA",4.33333333333333,1.33333333333333,-3
"2711","elvadrt.ee","VICIA SEPIUM",2.33333333333333,1.66666666666667,-0.666666666666667
"2719","esw.ca","CIRSIUM ARVENSE",1,1.5,0.5
"2731","esw.ca","ELYMUS REPENS",1,1,0
"2735","esw.ca","ERIGERON ANNUUS",1,1,0
"2742","esw.ca","GEUM CANADENSE",1,1,0
"2747","esw.ca","HOLOSTEUM UMBELLATUM",1,1,0
"2753","esw.ca","MEDICAGO LUPULINA",2,1.5,-0.5
"2757","esw.ca","POA COMPRESSA",5.5,3,-2.5
"2762","esw.ca","SOLIDAGO CANADENSIS",50,27,-23
"2767","esw.ca","SONCHUS ARVENSIS",3,2,-1
"2776","esw.ca","SYMPHYOTRICHUM LANCEOLATUM",3,1,-2
"2781","esw.ca","SYMPHYOTRICHUM NOVAE-ANGLIAE",1,1,0
"2789","esw.ca","TARAXACUM TARAXACUM",1,4.33333333333333,3.33333333333333
"2794","esw.ca","TRIFOLIUM PRATENSE",3,12.3333333333333,9.33333333333333
"2806","ethadb.au","ARISTIDA HOLATHERA",14.5,3,-11.5
"2813","ethadb.au","ERIACHNE ARISTIDEA",4,2,-2
"2830","ethadb.au","TRACHYMENE GLAUCIFOLIA",0.75,1,0.25
"2833","ethadb.au","TRIODIA BASEDOWII",36,31.5,-4.5
"2837","ethadb.au","YAKIRRA AUSTRALIENSIS",4,1,-3
"2844","ethadn.au","CALANDRINIA BALONENSIS",5.5,0.2,-5.3
"2855","ethadn.au","TRIODIA BASEDOWII",49.3333333333333,49.3333333333333,0
"2863","falls.au","ASTEROLASIA TRYMALIOIDES",0.666666666666667,0.75,0.0833333333333334
"2867","falls.au","CAREX BREVICULMIS",0.666666666666667,0.75,0.0833333333333334
"2869","falls.au","CAREX HEBES",0.6,0.5,-0.1
"2871","falls.au","CELMISIA COSTINIANA",43.3333333333333,48.3333333333333,5
"2877","falls.au","ERIGERON BELLIDIOIDES",0.5,1,0.5
"2879","falls.au","GREVILLEA AUSTRALIS",1,1,0
"2881","falls.au","HYPOCHAERIS RADICATA",0.9,0.833333333333333,-0.0666666666666667
"2887","falls.au","PHEBALIUM SQUAMULOSUM",1.33333333333333,1,-0.333333333333333
"2889","falls.au","PIMELEA ALPINA",1.83333333333333,1.16666666666667,-0.666666666666667
"2891","falls.au","PLANTAGO EURYPHYLLA",1,1,0
"2893","falls.au","POA HIEMATA",45.8333333333333,41.6666666666667,-4.16666666666667
"2899","falls.au","RUMEX ACETOSELLA",0.833333333333333,0.75,-0.0833333333333334
"2905","falls.au","TRISETUM SPICATUM",0.5,1,0.5
"2907","falls.au","VIOLA BETONICIFOLIA",0.5,0.5,0
"2910","gmgranite.us","AMSINCKIA TESSELLATA",0.75,1,0.25
"2912","gmgranite.us","BROMUS RUBENS",0.5,0.5,0
"2916","gmgranite.us","CRYPTANTHA CIRCUMSCISSA",0.833333333333333,0.625,-0.208333333333333
"2919","gmgranite.us","CRYPTANTHA PTEROCARYA",0.5,0.5,0
"2921","gmgranite.us","DESCURAINIA PINNATA",0.5,0.5,0
"2923","gmgranite.us","ERIOGONUM MACULATUM",0.5,0.5,0
"2927","gmgranite.us","ERIOPHYLLUM WALLACEI",0.5,0.5,0
"2928","gmgranite.us","ERODIUM CICUTARIUM",2.14285714285714,6.71428571428571,4.57142857142857
"2932","gmgranite.us","PECTOCARYA HETEROCARPA",3.07142857142857,2.8,-0.271428571428572
"2936","gmgranite.us","PLAGIOBOTHRYS ARIZONICUS",0.625,0.5,-0.125
"2937","gmgranite.us","SCHISMUS BARBATUS",3.14285714285714,3.71428571428571,0.571428571428571
"2941","gmmolar.us","AMSINCKIA TESSELLATA",1,0.75,-0.25
"2943","gmmolar.us","BROMUS RUBENS",1.28571428571429,1.42857142857143,0.142857142857143
"2946","gmmolar.us","CAMISSONIA PALMERI",0.5,0.5,0
"2947","gmmolar.us","CENTROSTEGIA THURBERI",0.5,0.5,0
"2948","gmmolar.us","CHAENACTIS STEVIOIDES",0.5,0.625,0.125
"2949","gmmolar.us","CRYPTANTHA CIRCUMSCISSA",0.5,0.7,0.2
"2952","gmmolar.us","CRYPTANTHA PTEROCARYA",0.5,0.6,0.1
"2954","gmmolar.us","DICHELOSTEMMA CAPITATUM",0.5,0.5,0
"2957","gmmolar.us","ERIOGONUM MACULATUM",0.5,1,0.5
"2962","gmmolar.us","ERIOPHYLLUM WALLACEI",1.85714285714286,0.571428571428571,-1.28571428571429
"2964","gmmolar.us","ERODIUM CICUTARIUM",1.92857142857143,3.92857142857143,2
"2972","gmmolar.us","PECTOCARYA HETEROCARPA",1.08333333333333,1.75,0.666666666666667
"2973","gmmolar.us","PECTOCARYA PLATYCARPA",0.5,0.5,0
"2974","gmmolar.us","PECTOCARYA RECURVATA",0.5,1,0.5
"2977","gmmolar.us","PLAGIOBOTHRYS ARIZONICUS",0.75,0.833333333333333,0.0833333333333334
"3010","guaribas.br","PASPALUM GARDNERIANUM",0.5,0.5,0
"3032","hard.us","ACHILLEA MILLEFOLIUM",1,2,1
"3037","hard.us","ARTEMISIA NOVA",10,16.5,6.5
"3042","hard.us","ARTEMISIA TRIDENTATA",20,35,15
"3047","hard.us","BROMUS TECTORUM",2,5,3
"3053","hard.us","CHRYSOTHAMNUS VISCIDIFLORUS",9,19,10
"3067","hard.us","KOELERIA MACRANTHA",5.5,5.5,0
"3083","hard.us","ORTHOCARPUS TOLMIEI",11,7,-4
"3089","hard.us","PSEUDOROEGNERIA SPICATA",9,1,-8
"3099","hard.us","SYMPHYOTRICHUM ERICOIDES",2,9.33333333333333,7.33333333333333
"3104","hard.us","THLASPI ARVENSE",1.66666666666667,3,1.33333333333333
"3119","hoide.de","CALLUNA VULGARIS",74.6666666666667,85,10.3333333333333
"3123","hoide.de","CAREX ARENARIA",2.66666666666667,1.66666666666667,-1
"3127","hoide.de","DESCHAMPSIA FLEXUOSA",8.66666666666667,3.66666666666667,-5
"3135","hoide.de","SALIX REPENS",1,15,14
"3139","hyide.de","CALLUNA VULGARIS",81.6666666666667,65.6666666666667,-16
"3143","hyide.de","CAREX ARENARIA",2,1.33333333333333,-0.666666666666667
"3146","hyide.de","DESCHAMPSIA FLEXUOSA",1,1,0
"3148","indiana.us","ACER SACCHARUM",40,28,-12
"3149","indiana.us","LIRIODENDRON TULIPIFERA",17,16,-1
"3151","indiana.us","QUERCUS RUBRA",42,53,11
"3170","jenadrt.de","ARENARIA SERPYLLIFOLIA",0.5,0.5,0
"3181","jenadrt.de","BELLIS PERENNIS",9.33333333333333,5,-4.33333333333333
"3194","jenadrt.de","CERASTIUM FONTANUM",1.33333333333333,0.5,-0.833333333333333
"3212","jenadrt.de","CONVOLVULUS ARVENSIS",11.5,2,-9.5
"3218","jenadrt.de","CREPIS BIENNIS",1.25,2,0.75
"3227","jenadrt.de","ELYMUS REPENS",1.75,0.5,-1.25
"3245","jenadrt.de","GERANIUM DISSECTUM",9.33333333333333,2,-7.33333333333333
"3251","jenadrt.de","GERANIUM PUSILLUM",20,12.3333333333333,-7.66666666666667
"3257","jenadrt.de","GLECHOMA HEDERACEA",8,12,4
"3273","jenadrt.de","LOLIUM PERENNE",36.6666666666667,47.3333333333333,10.6666666666667
"3279","jenadrt.de","MEDICAGO LUPULINA",0.666666666666667,0.5,-0.166666666666667
"3290","jenadrt.de","PICRIS HIERACIOIDES",4.5,2.16666666666667,-2.33333333333333
"3296","jenadrt.de","POA PRATENSIS",15,9,-6
"3302","jenadrt.de","POA TRIVIALIS",1.25,2,0.75
"3319","jenadrt.de","TARAXACUM CAMPYLODES",20.6666666666667,11.3333333333333,-9.33333333333333
"3327","jenadrt.de","TRIFOLIUM DUBIUM",5,2,-3
"3338","jenadrt.de","VERONICA ARVENSIS",0.5,0.5,0
"3350","jilpanger.au","ACAENA ECHINATA",5.3,0.5,-4.8
"3352","jilpanger.au","AIRA ELEGANTISSIMA",0.625,0.5,-0.125
"3357","jilpanger.au","BLENNOSPORA DRUMMONDII",0.5,0.5,0
"3365","jilpanger.au","CALYTRIX TETRAGONA",0.75,8.5,7.75
"3367","jilpanger.au","Centrolepis ARISTATA",0.5,0.5,0
"3370","jilpanger.au","Centrolepis STRIGOSA",0.5,0.5,0
"3372","jilpanger.au","CHAMAESCILLA CORYMBOSA",1.75,0.5,-1.25
"3374","jilpanger.au","CHRYSOCEPHALUM APICULATUM",10,10,0
"3378","jilpanger.au","DICHOPOGON STRICTUS",0.75,0.833333333333333,0.0833333333333334
"3384","jilpanger.au","DROSERA GLANDULIGERA",0.5,0.5,0
"3386","jilpanger.au","DROSERA HOOKERI",0.5,0.5,0
"3388","jilpanger.au","GNEPHOSIS DRUMMONDII",0.5,0.5,0
"3392","jilpanger.au","HYALOSPERMA DEMISSUM",0.7,0.5,-0.2
"3394","jilpanger.au","HYDROCOTYLE FOVEOLATA",0.5,0.5,0
"3398","jilpanger.au","HYPOCHAERIS GLABRA",0.5,0.5,0
"3400","jilpanger.au","HYPOLAENA FASTIGIATA",0.5,0.5,0
"3406","jilpanger.au","LEPIDOSPERMA CARPHOIDES",5,0.5,-4.5
"3408","jilpanger.au","LEPIDOSPERMA CONGESTUM",0.5,0.5,0
"3414","jilpanger.au","LOMANDRA NANA",0.5,0.666666666666667,0.166666666666667
"3416","jilpanger.au","MICROSERIS SCAPIGERA",0.5,0.5,0
"3418","jilpanger.au","MILLOTIA MUELLERI",0.666666666666667,0.5,-0.166666666666667
"3420","jilpanger.au","MILLOTIA TENUIFOLIA",0.666666666666667,0.5,-0.166666666666667
"3422","jilpanger.au","NEURACHNE ALOPECUROIDEA",0.666666666666667,6.66666666666667,6
"3424","jilpanger.au","PELARGONIUM RODNEYANUM",0.5,1,0.5
"3427","jilpanger.au","PIMELEA HUMILIS",5,0.5,-4.5
"3429","jilpanger.au","QUINETIA URVILLEI",0.5,0.5,0
"3431","jilpanger.au","RANUNCULUS ROBERTSONII",0.5,0.5,0
"3432","jilpanger.au","ROMULEA ROSEA",0.5,0.5,0
"3434","jilpanger.au","SCHOENUS APOGON",0.625,0.5,-0.125
"3439","jilpanger.au","STIPA VAGINATA",0.5,0.5,0
"3441","jilpanger.au","THYSANOTUS PATERSONII",0.5,0.5,0
"3443","jilpanger.au","THYSANOTUS TUBEROSUS",0.5,0.5,0
"3446","jilpanger.au","VULPIA MYUROS",0.5,0.5,0
"3449","jilpanger.au","WAHLENBERGIA STRICTA",0.5,0.5,0
"3455","jorndrt.us","CHONDROSUM ERIOPODUM",31.6666666666667,27.3333333333333,-4.33333333333334
"3465","jorndrt.us","PROSOPIS GLANDULOSA",7.33333333333333,3.33333333333333,-4
"3467","jorndrt.us","SENNA BAUHINIOIDES",0.2,1.25,1.05
"3470","jorndrt.us","SPOROBOLUS FLEXUOSUS",1.65,12,10.35
"3472","jorndrt.us","TIDESTROMIA LANUGINOSA",2,0.2,-1.8
"3474","jrnchi.us","ACOURTIA NANA",1.1698078,0.6207045,-0.5491033
"3476","jrnchi.us","CHONDROSUM ERIOPODUM",4.50248912,0.781912216666667,-3.72057690333333
"3477","jrnchi.us","CROTON POTTSII",2.71429473333333,1.746526875,-0.967767858333333
"3481","jrnchi.us","PHYSALIS HEDERIFOLIA",0.44768225,0.0687285,-0.37895375
"3482","jrnchi.us","PROSOPIS GLANDULOSA",23.87850584,25.76329583,1.88478999
"3488","kernb.ca","ACHILLEA MILLEFOLIUM",1.33333333333333,2.66666666666667,1.33333333333333
"3493","kernb.ca","AGROSTIS SCABRA",3,1.33333333333333,-1.66666666666667
"3496","kernb.ca","ANDROSACE SEPTENTRIONALIS",0.5,0.5,0
"3509","kernb.ca","ARTEMISIA FRIGIDA",32,6.66666666666667,-25.3333333333333
"3514","kernb.ca","ARTEMISIA LUDOVICIANA",1,3,2
"3529","kernb.ca","CERASTIUM ARVENSE",2.5,1.25,-1.25
"3537","kernb.ca","ELYMUS TRACHYCAULUS",0.5,7,6.5
"3541","kernb.ca","FESTUCA ALTAICA",9,22.3333333333333,13.3333333333333
"3546","kernb.ca","GALIUM BOREALE",8,0.5,-7.5
"3557","kernb.ca","LACTUCA TATARICA",2,1.25,-0.75
"3570","kernb.ca","POA PRATENSIS",22.6666666666667,18.3333333333333,-4.33333333333334
"3575","kernb.ca","ROSA ARKANSANA",1,5.66666666666667,4.66666666666667
"3585","kernb.ca","SOLIDAGO MISSOURIENSIS",0.75,1,0.25
"3590","kernb.ca","SONCHUS ARVENSIS",1,1.25,0.25
"3594","kernb.ca","STIPA CURTISETA",2.33333333333333,1,-1.33333333333333
"3599","kernb.ca","SYMPHYOTRICHUM ERICOIDES",5,2,-3
"3604","kernb.ca","TARAXACUM TARAXACUM",0.833333333333333,0.5,-0.333333333333333
"3609","kernb.ca","VICIA AMERICANA",0.5,1,0.5
"3630","kernnu.ca","ARTEMISIA LUDOVICIANA",0.75,3,2.25
"3640","kernnu.ca","CAMPANULA ROTUNDIFOLIA",0.5,0.5,0
"3647","kernnu.ca","CERASTIUM ARVENSE",0.5,0.75,0.25
"3652","kernnu.ca","CIRSIUM ARVENSE",2.66666666666667,0.75,-1.91666666666667
"3656","kernnu.ca","ELYMUS TRACHYCAULUS",3.25,1.83333333333333,-1.41666666666667
"3660","kernnu.ca","FESTUCA ALTAICA",48.3333333333333,28.3333333333333,-20
"3665","kernnu.ca","GALIUM BOREALE",1,8,7
"3678","kernnu.ca","NASSELLA VIRIDULA",2,1,-1
"3685","kernnu.ca","POA PRATENSIS",10,5,-5
"3690","kernnu.ca","ROSA ARKANSANA",1,9.25,8.25
"3696","kernnu.ca","SONCHUS ARVENSIS",14,7.16666666666667,-6.83333333333333
"3701","kernnu.ca","STIPA CURTISETA",1,6,5
"3711","kernnu.ca","TARAXACUM TARAXACUM",1,1.16666666666667,0.166666666666667
"3718","kernnu.ca","VICIA AMERICANA",0.666666666666667,1,0.333333333333333
"3723","kinsella.ca","ACHILLEA MILLEFOLIUM",5,15,10
"3728","kinsella.ca","ANEMONE PATENS",3,22.5,19.5
"3733","kinsella.ca","ARTEMISIA FRIGIDA",5,14.5,9.5
"3738","kinsella.ca","ASTRAGALUS AGRESTIS",6.5,3,-3.5
"3755","kinsella.ca","FESTUCA HALLII",12.5,13.3333333333333,0.833333333333334
"3767","kinsella.ca","PASCOPYRUM SMITHII",21,21,0
"3772","kinsella.ca","POA PRATENSIS",63,52,-11
"3778","kinsella.ca","SOLIDAGO MISSOURIENSIS",10,5,-5
"3783","kinsella.ca","STIPA COMATA",15,5.75,-9.25
"3786","kinsella.ca","STIPA CURTISETA",5,3,-2
"3791","kinsella.ca","SYMPHYOTRICHUM FALCATUM",4.33333333333333,13.3333333333333,9
"3798","kinsella.ca","VICIA AMERICANA",9.8,5.6,-4.2
"3804","kiskun.hu","ARENARIA SERPYLLIFOLIA",0.01,0.01,0
"3806","kiskun.hu","ARTEMISIA CAMPESTRIS",7,3,-4
"3808","kiskun.hu","BASSIA LANIFLORA",0.125,0.0575,-0.0675
"3818","kiskun.hu","DIANTHUS SEROTINUS",8,3.5,-4.5
"3820","kiskun.hu","EUPHORBIA SEGUIERIANA",1.2,3,1.8
"3822","kiskun.hu","FESTUCA VAGINATA",17.4,17.6,0.200000000000003
"3824","kiskun.hu","FUMANA PROCUMBENS",6.83333333333333,3.25,-3.58333333333333
"3827","kiskun.hu","HOLOSTEUM UMBELLATUM",0.702,0.04,-0.662
"3830","kiskun.hu","MEDICAGO MINIMA",0.1,0.01,-0.09
"3832","kiskun.hu","MINUARTIA GLOMERATA",0.2,0.07,-0.13
"3837","kiskun.hu","POLYGONUM ARENARIUM",0.124,0.028,-0.096
"3839","kiskun.hu","SECALE SYLVESTRE",0.0325,0.146,0.1135
"3844","kiskun.hu","STIPA PENNATA",8.4,6.2,-2.2
"3846","kiskun.hu","SYRENIA CANA",0.1,0.15,0.05
"3851","konzadrt.us","AMBROSIA PSILOSTACHYA",21.6,11.8,-9.8
"3858","konzadrt.us","ANDROPOGON GERARDII",50,53.6,3.6
"3868","konzadrt.us","ARTEMISIA LUDOVICIANA",2,1,-1
"3875","konzadrt.us","ASCLEPIAS VIRIDIS",1.03333333333333,3,1.96666666666667
"3881","konzadrt.us","BOUTELOUA CURTIPENDULA",2,3.5,1.5
"3890","konzadrt.us","CAREX BREVIOR",2,0.1,-1.9
"3894","konzadrt.us","CAREX INOPS",2.62,1.275,-1.345
"3899","konzadrt.us","CAREX MEADII",3,2.33333333333333,-0.666666666666667
"3909","konzadrt.us","DICHANTHELIUM OLIGOSANTHES",2.6,2.8,0.2
"3916","konzadrt.us","ERIGERON STRIGOSUS",1,1,0
"3921","konzadrt.us","KOELERIA MACRANTHA",6,8.6,2.6
"3931","konzadrt.us","OXALIS STRICTA",1,0.4,-0.6
"3934","konzadrt.us","PANICUM CAPILLARE",9,1.5,-7.5
"3939","konzadrt.us","PSORALIDIUM TENUIFLORUM",10.02,14.8,4.78
"3944","konzadrt.us","RUELLIA HUMILIS",1,2,1
"3954","konzadrt.us","SORGHASTRUM NUTANS",6,8.25,2.25
"3963","konzadrt.us","SYMPHYOTRICHUM ERICOIDES",36.6,35,-1.6
"3976","kranz.de","FAGUS SYLVATICA",50,50,0
"3982","kranz.de","PICEA ABIES",50,50,0
"4079","lygraint.no","AGROSTIS CANINA",1,1,0
"4082","lygraint.no","AGROSTIS CAPILLARIS",1,1,0
"4088","lygraint.no","CALLUNA VULGARIS",84,78.3333333333333,-5.66666666666667
"4099","lygraint.no","CAREX PILULIFERA",2,1.66666666666667,-0.333333333333333
"4114","lygraint.no","EMPETRUM NIGRUM",6,2,-4
"4117","lygraint.no","ERICA TETRALIX",5.5,5.5,0
"4120","lygraint.no","FESTUCA VIVIPARA",3,2,-1
"4123","lygraint.no","GALIUM SAXATILE",3,1,-2
"4126","lygraint.no","HYLOCOMIUM SPLENDENS",7.66666666666667,27.3333333333333,19.6666666666667
"4129","lygraint.no","HYPNUM JUTLANDICUM",45.3333333333333,37,-8.33333333333334
"4141","lygraint.no","LYSIMACHIA EUROPAEA",2,1,-1
"4144","lygraint.no","MOLINIA CAERULEA",1,6,5
"4152","lygraint.no","PLEUROZIUM SCHREBERI",24.6666666666667,8,-16.6666666666667
"4156","lygraint.no","POLYTRICHUM COMMUNE",10.3333333333333,2.66666666666667,-7.66666666666667
"4159","lygraint.no","POTENTILLA ERECTA",2.66666666666667,2.33333333333333,-0.333333333333333
"4166","lygraint.no","RHYTIDIADELPHUS LOREUS",1,1,0
"4169","lygraint.no","RHYTIDIADELPHUS SQUARROSUS",1.5,2,0.5
"4173","lygraint.no","TRICHOPHORUM CESPITOSUM",6.5,11,4.5
"4176","lygraint.no","VACCINIUM MYRTILLUS",5,2,-3
"4179","lygraint.no","VACCINIUM ULIGINOSUM",2,1,-1
"4182","lygraint.no","VACCINIUM VITIS-IDAEA",13,7,-6
"4188","lygraold.no","AVENELLA FLEXUOSA",3,25,22
"4191","lygraold.no","CALLUNA VULGARIS",66.6666666666667,83.3333333333333,16.6666666666667
"4198","lygraold.no","CAREX NIGRA",6.66666666666667,7.33333333333333,0.666666666666667
"4208","lygraold.no","EMPETRUM NIGRUM",6.5,4.5,-2
"4211","lygraold.no","ERICA TETRALIX",10.5,10,-0.5
"4214","lygraold.no","ERIOPHORUM ANGUSTIFOLIUM",1,1,0
"4224","lygraold.no","HYLOCOMIUM SPLENDENS",17.3333333333333,40,22.6666666666667
"4227","lygraold.no","HYPNUM JUTLANDICUM",53.3333333333333,45,-8.33333333333334
"4235","lygraold.no","LEUCOBRYUM GLAUCUM",1,2,1
"4240","lygraold.no","MOLINIA CAERULEA",8,1.5,-6.5
"4246","lygraold.no","PLAGIOTHECIUM UNDULATUM",2.33333333333333,3,0.666666666666667
"4249","lygraold.no","PLEUROZIUM SCHREBERI",14,2.33333333333333,-11.6666666666667
"4252","lygraold.no","POLYTRICHUM COMMUNE",1,5,4
"4255","lygraold.no","POTENTILLA ERECTA",3,3,0
"4262","lygraold.no","RHYTIDIADELPHUS LOREUS",4,3,-1
"4265","lygraold.no","RHYTIDIADELPHUS SQUARROSUS",1,1,0
"4272","lygraold.no","TRICHOPHORUM CESPITOSUM",12.5,12.5,0
"4274","lygraold.no","TRIENTALIS EUROPEA",1,1,0
"4277","lygraold.no","VACCINIUM MYRTILLUS",3,15,12
"4280","lygraold.no","VACCINIUM ULIGINOSUM",1,3.5,2.5
"4283","lygraold.no","VACCINIUM VITIS-IDAEA",4.33333333333333,10.3333333333333,6
"4286","marcdrt.ar","ACMELLA DECUMBENS",3,1,-2
"4291","marcdrt.ar","AGROSTIS MONTEVIDENSIS",8,5.5,-2.5
"4296","marcdrt.ar","AMBROSIA TENUIFOLIA",1.33333333333333,1,-0.333333333333333
"4306","marcdrt.ar","BROMUS CATHARTICUS",9.75,15,5.25
"4315","marcdrt.ar","CAREX PHALAROIDES",1,1,0
"4318","marcdrt.ar","CAREX SORORIA",1,1,0
"4335","marcdrt.ar","FESTUCA ARUNDINACEA",60,71.25,11.25
"4342","marcdrt.ar","HORDEUM PUSILLUM",1.5,1,-0.5
"4346","marcdrt.ar","HYDROCOTYLE BONARIENSIS",1.5,2.33333333333333,0.833333333333333
"4352","marcdrt.ar","JUNCUS IMBRICATUS",1,2,1
"4361","marcdrt.ar","LATHYRUS CRASSIPES",7,1,-6
"4379","marcdrt.ar","POA LANIGERA",10,2.75,-7.25
"4388","marcdrt.ar","SPARTINA DENSIFLORA",15,23,8
"4393","marcdrt.ar","STENOTAPHRUM SECUNDATUM",1.5,2,0.5
"4400","matador.ca","ACHILLEA MILLEFOLIUM",0.5,1,0.5
"4407","matador.ca","ARTEMISIA FRIGIDA",2,1.33333333333333,-0.666666666666667
"4415","matador.ca","CERASTIUM ARVENSE",3.5,0.75,-2.75
"4420","matador.ca","COMANDRA UMBELLATA",5.25,3.5,-1.75
"4433","matador.ca","KOELERIA MACRANTHA",1.83333333333333,2.5,0.666666666666667
"4438","matador.ca","KRASCHENINNIKOVIA LANATA",5.33333333333333,21,15.6666666666667
"4443","matador.ca","LINUM RIGIDUM",1,1,0
"4448","matador.ca","NASSELLA VIRIDULA",22.6666666666667,18.6666666666667,-4
"4453","matador.ca","PASCOPYRUM SMITHII",3.66666666666667,5.33333333333333,1.66666666666667
"4463","matador.ca","SYMPHYOTRICHUM ERICOIDES",1,1,0
"4470","matador.ca","TRAGOPOGON DUBIUS",2,0.5,-1.5
"4471","matador.ca","VICIA AMERICANA",0.5,0.5,0
"4476","mattheis.ca","AGROSTIS SCABRA",5,3,-2
"4477","mattheis.ca","ANDROSACE SEPTENTRIONALIS",1,1,0
"4479","mattheis.ca","ARTEMISIA FRIGIDA",15,17.6,2.6
"4483","mattheis.ca","BOUTELOUA GRACILIS",25,26,1
"4487","mattheis.ca","GAURA COCCINEA",4.33333333333333,3.5,-0.833333333333333
"4490","mattheis.ca","HESPEROSTIPA COMATA",20,21,1
"4495","mattheis.ca","KOELERIA MACRANTHA",23.75,10,-13.75
"4499","mattheis.ca","LITHOSPERMUM INCISUM",5.5,10,4.5
"4510","mattheis.ca","TARAXACUM TARAXACUM",10,3.5,-6.5
"4514","mattheis.ca","TRAGOPOGON DUBIUS",3.8,1,-2.8
"4518","milparinka.au","ABUTILON HALOPHILUM",12.5,3,-9.5
"4521","milparinka.au","ASTREBLA LAPPACEA",21,21,0
"4525","milparinka.au","ASTREBLA PECTINATA",21,21,0
"4530","milparinka.au","ERIOCHLOA PSEUDOACROTRICHA",1.5,1,-0.5
"4539","milparinka.au","SCLEROLAENA DIACANTHA",3,2,-1
"4559","naposta.ar","AVENA BARBATA",15,20,5
"4564","naposta.ar","BACCHARIS ULICINA",1,1,0
"4573","naposta.ar","DIPLOTAXIS TENUIFOLIA",5,5.33333333333333,0.333333333333333
"4577","naposta.ar","ERIGERON BLAKEI",1,10,9
"4580","naposta.ar","LACTUCA SERRIOLA",5,3,-2
"4584","naposta.ar","NASSELLA NEESIANA",50,36.6666666666667,-13.3333333333333
"4588","naposta.ar","NASSELLA TRICHOTOMA",20,25,5
"4594","naposta.ar","PAPPOPHORUM CAESPITOSUM",5,10,5
"4596","naposta.ar","PAVONIA CYMBALARIA",1,1,0
"4598","naposta.ar","SOLANUM aethiopicum",1,1,0
"4609","nnss.us","ACAMPTOPAPPUS SHOCKLEYI",1.5120275,1.3774105,-0.134617
"4610","nnss.us","AMBROSIA DUMOSA",7.60434813,4.71178322,-2.89256491
"4611","nnss.us","AMSINCKIA TESSELLATA",2.58048512,0.6739395,-1.90654562
"4612","nnss.us","BROMUS RUBENS",2.98615225,0.48253192,-2.50362033
"4613","nnss.us","BROMUS TECTORUM",4.38977668,0.882379228571429,-3.50739745142857
"4614","nnss.us","CHAENACTIS FREMONTII",3.77588768888889,1.48180165,-2.29408603888889
"4615","nnss.us","CHORIZANTHE BREVICORNU",1.08313428,0.30563745,-0.77749683
"4616","nnss.us","CHORIZANTHE RIGIDA",0.3472222,0.2061856,-0.1410366
"4617","nnss.us","CHYLISMIA CLAVIFORMIS",0.2053388,0.2083333,0.00299450000000001
"4618","nnss.us","CRYPTANTHA CIRCUMSCISSA",1.06477779,0.27386215,-0.79091564
"4619","nnss.us","CRYPTANTHA INTERMEDIA",1.08326798571429,0.5414678,-0.541800185714286
"4620","nnss.us","DESCURAINIA PINNATA",0.640719866666667,0.433464428571429,-0.207255438095238
"4621","nnss.us","EPHEDRA NEVADENSIS",2.65797925,2.308466225,-0.349513025
"4622","nnss.us","ERIOGONUM ANNUUM",0.6351886,0.203252,-0.4319366
"4623","nnss.us","ERIOGONUM MACULATUM",1.56298824285714,0.6872779,-0.875710342857143
"4624","nnss.us","ERIOPHYLLUM PRINGLEI",1.57694249,0.154395725,-1.422546765
"4625","nnss.us","GRAYIA SPINOSA",6.9210625,3.24872212,-3.67234038
"4626","nnss.us","LARREA TRIDENTATA",13.51947492,10.55421877,-2.96525615
"4628","nnss.us","LOESELIASTRUM SCHOTTII",0.389588285714286,0.0687285,-0.320859785714286
"4629","nnss.us","LYCIUM PALLIDUM",5.1748451,2.77988473333333,-2.39496036666667
"4630","nnss.us","MALACOTHRIX GLABRATA",1.1655389,1.41346643,0.24792753
"4631","nnss.us","MENTZELIA ASPERA",2.61675768333333,0.27565495,-2.34110273333333
"4632","nnss.us","MONOPTILON BELLIDIFORME",0.1546705,0.3436426,0.1889721
"4634","nnss.us","OXYTHECA PERFOLIATA",2.028706325,1.34504748333333,-0.683658841666666
"4635","nnss.us","PECTOCARYA RECURVATA",0.27364995,0.1355014,-0.13814855
"4636","nnss.us","PRENANTHELLA EXIGUA",0.9639069,0.5487245,-0.4151824
"4637","nnss.us","SCHISMUS ARABICUS",2.27615137,0.320392533333333,-1.95575883666667
"4640","nplatte.us","ALYSSUM DESERTORUM",2,2,0
"4652","nplatte.us","BOUTELOUA GRACILIS",7.57142857142857,20.8,13.2285714285714
"4656","nplatte.us","BROMUS TECTORUM",6.33333333333333,14.1428571428571,7.80952380952381
"4660","nplatte.us","CAREX FILIFOLIA",14,18.125,4.125
"4665","nplatte.us","CYMOPTERUS GLOMERATUS",2,2,0
"4683","nplatte.us","PLANTAGO PATAGONICA",2,2,0
"4687","nplatte.us","POA SECUNDA",2,2,0
"4700","octc.us","ARTEMISIA TRIDENTATA",16.27758363,16.77924463,0.501661000000002
"4703","octc.us","CERATOCEPHALA TESTICULATA",2.81872347777778,1.1921839,-1.62653957777778
"4705","octc.us","ELYMUS ELYMOIDES",0.818374925,0.5475702,-0.270804725
"4707","octc.us","POA SECUNDA",16.50442414,14.82465954,-1.6797646
"4712","oklah.us","AMBROSIA PSILOSTACHYA",18.5,19,0.5
"4729","oklah.us","BOTHRIOCHLOA LAGUROIDES",0.5,7.75,7.25
"4733","oklah.us","CALYLOPHUS SERRULATUS",15,15,0
"4745","oklah.us","CROTON MONANTHOGYNUS",1.33333333333333,1.75,0.416666666666667
"4751","oklah.us","DALEA PURPUREA",3,9,6
"4756","oklah.us","DESMANTHUS ILLINOENSIS",0.5,15,14.5
"4763","oklah.us","DICHANTHELIUM OLIGOSANTHES",7,11,4
"4770","oklah.us","ERIGERON STRIGOSUS",1.75,1.75,0
"4774","oklah.us","EUPHORBIA DENTATA",0.5,0.5,0
"4778","oklah.us","GALIUM VIRGATUM",0.5,0.5,0
"4786","oklah.us","HETEROTHECA SUBAXILLARIS",0.5,0.5,0
"4793","oklah.us","LESPEDEZA JUNCEA var. SERICEA",15,7.75,-7.25
"4798","oklah.us","LIATRIS SQUARROSA",0.5,1.75,1.25
"4805","oklah.us","OXALIS STRICTA",0.5,0.5,0
"4811","oklah.us","PLANTAGO PATAGONICA",0.5,0.5,0
"4814","oklah.us","PLANTAGO VIRGINICA",0.5,0.5,0
"4822","oklah.us","RATIBIDA COLUMNIFERA",1.75,0.5,-1.25
"4827","oklah.us","RHUS COPALLINUM",15,0.5,-14.5
"4836","oklah.us","SCHIZACHYRIUM SCOPARIUM",69.1666666666667,54.1666666666667,-15
"4841","oklah.us","SOLIDAGO LUDOVICIANA",0.5,0.5,0
"4853","oklah.us","SORGHASTRUM NUTANS",11,15,4
"4860","oklah.us","SPOROBOLUS COMPOSITUS",6.16666666666667,10.1666666666667,4
"4867","oklah.us","SYMPHYOTRICHUM ERICOIDES",10.1666666666667,11,0.833333333333334
"4890","oreaa.us","ARTEMISIA ARBUSCULA",13.8333333333333,12.2,-1.63333333333333
"4895","oreaa.us","BLEPHARIPAPPUS SCABER",0.9,0.6,-0.3
"4900","oreaa.us","BROMUS JAPONICUS",0.5,0.5,0
"4904","oreaa.us","COLLINSIA PARVIFLORA",0.5,0.5,0
"4918","oreaa.us","ELYMUS ELYMOIDES",3.75,7.7,3.95
"4923","oreaa.us","EPILOBIUM BRACHYCARPUM",1.5,0.9,-0.6
"4933","oreaa.us","ERIGERON BLOOMERI",5,2.25,-2.75
"4938","oreaa.us","ERIOGONUM SPHAEROCEPHALUM",2.25,2.75,0.5
"4943","oreaa.us","FESTUCA IDAHOENSIS",7.7,9.1,1.4
"4953","oreaa.us","NAVARRETIA INTERTEXTA SSP. PROPINQUA",0.75,0.833333333333333,0.0833333333333334
"4958","oreaa.us","NOTHOCALAIS TROXIMOIDES",3.5,1.83333333333333,-1.66666666666667
"4972","oreaa.us","PHLOX HOODII",3.5,1.625,-1.875
"4978","oreaa.us","SEDUM STENOPETALUM",3.5,2.875,-0.625
"4983","oreaa.us","TRIFOLIUM MACROCEPHALUM",1,3.5,2.5
"4988","oreaa.us","VENTENATA DUBIA",5.8,8.75,2.95
"4993","oreac.us","ACHILLEA MILLEFOLIUM",2.66666666666667,1.83333333333333,-0.833333333333333
"4998","oreac.us","ACMISPON AMERICANUS",0.5,2,1.5
"5008","oreac.us","ARTEMISIA CANA",21.25,34.5,13.25
"5014","oreac.us","BROMUS JAPONICUS",3,13.1,10.1
"5021","oreac.us","COLLINSIA PARVIFLORA",0.7,0.6,-0.1
"5026","oreac.us","COLLOMIA GRANDIFLORA",2,2.25,0.25
"5036","oreac.us","ELYMUS ELYMOIDES",7,5.83333333333333,-1.16666666666667
"5041","oreac.us","EPILOBIUM BRACHYCARPUM",1.5,1.5,0
"5050","oreac.us","FESTUCA IDAHOENSIS",11.1,13.75,2.65
"5058","oreac.us","PERIDERIDIA OREGANA",4.9,3.8,-1.1
"5067","oreac.us","POA SECUNDA",3.5,3.5,0
"5078","oreac.us","VENTENATA DUBIA",3.83333333333333,1,-2.83333333333333
"5088","paike.ar","ACAENA POEPPIGIANA",1,1,0
"5098","paike.ar","AGROSTIS INCONSPICUA",1,1,0
"5107","paike.ar","ARMERIA MARITIMA",1,1,0
"5112","paike.ar","AZORELLA FUEGIANA",1,1.5,0.5
"5117","paike.ar","AZORELLA MONANTHA",1,1,0
"5132","paike.ar","CAREX ANDINA",6,3.66666666666667,-2.33333333333333
"5137","paike.ar","CERASTIUM ARVENSE",1,1,0
"5142","paike.ar","CLINOPODIUM DARWINII",1,1,0
"5147","paike.ar","COLOBANTHUS LYCOPODOIDES",2,1.5,-0.5
"5152","paike.ar","DESCHAMPSIA CESPITOSA",1,1,0
"5162","paike.ar","FESTUCA PYROGEA",9,5.66666666666667,-3.33333333333333
"5172","paike.ar","JUNELLIA ODONELLII",1,1,0
"5181","paike.ar","LEUCHERIA PURPUREA",1,1,0
"5186","paike.ar","LUZULA CHILENSIS",2,1.5,-0.5
"5191","paike.ar","NARDOPHYLLUM BRYOIDES",6.66666666666667,6.33333333333333,-0.333333333333334
"5196","paike.ar","NASSAUVIA ACULEATA",1,1,0
"5201","paike.ar","NASSAUVIA DARWINII",1,1,0
"5206","paike.ar","OXALIS ENNEAPHYLLA",1,1,0
"5211","paike.ar","PEREZIA RECURVATA",3,4.33333333333333,1.33333333333333
"5216","paike.ar","POA SPICIFORMIS",15.3333333333333,12.3333333333333,-3
"5226","paike.ar","RYTIDOSPERMA VIRESCENS",3.5,4.5,1
"5236","paike.ar","SENECIO MISER",1,1,0
"5241","paike.ar","STIPA SPECIOSA",21.6666666666667,27,5.33333333333333
"5246","passogavia.it","AGROSTIS RUPESTRIS",2.5,1.7,-0.8
"5250","passogavia.it","ALCHEMILLA PENTAPHYLLEA",35,53.8,18.8
"5258","passogavia.it","CAREX CURVULA",40.6,42,1.4
"5262","passogavia.it","EUPHRASIA MINIMA",0.0125,0.01,-0.0025
"5265","passogavia.it","FESTUCA HALLERI",0.3,2,1.7
"5269","passogavia.it","GNAPHALIUM SUPINUM",0.0533333333333333,0.075,0.0216666666666667
"5279","passogavia.it","LEUCANTHEMOPSIS ALPINA",0.844,0.46,-0.384
"5283","passogavia.it","LIGUSTICUM MUTELLINA",12,46,34
"5293","passogavia.it","OREOCHLOA DISTICHA",5.5,0.275,-5.225
"5297","passogavia.it","PERSICARIA VIVIPARA",1.05,0.1,-0.95
"5305","passogavia.it","PHYTEUMA HEMISPHAERICUM",2.4,2.3,-0.1
"5309","passogavia.it","POA ALPINA",2,3.16,1.16
"5317","passogavia.it","PRIMULA GLUTINOSA",0.98,0.75,-0.23
"5321","passogavia.it","SALIX HERBACEA",0.703333333333333,0.55,-0.153333333333333
"5325","passogavia.it","SCORZONEROIDES HELVETICA",3.96,1.8,-2.16
"5329","passogavia.it","SOLDANELLA PUSILLA",10.08,13.6,3.52
"5336","pineta.es","AGROSTIS CAPILLARIS",47,37.1666666666667,-9.83333333333334
"5338","pineta.es","ASTRANTIA MAJOR",3,8,5
"5340","pineta.es","BRACHYPODIUM PINNATUM",10.5,15.5,5
"5342","pineta.es","CRUCIATA GLABRA",0.5,0.5,0
"5345","pineta.es","DACTYLORHIZA MACULATA",0.5,1.125,0.625
"5349","pineta.es","Epipactis PALUSTRIS",15.5,3,-12.5
"5351","pineta.es","FESTUCA RUBRA",4.875,8,3.125
"5353","pineta.es","FRAGARIA VESCA",5.5,9.25,3.75
"5363","pineta.es","NEOTTIA OVATA",3,1.75,-1.25
"5367","pineta.es","PIMPINELLA SAXIFRAGA",1.75,0.5,-1.25
"5370","pineta.es","POTENTILLA ERECTA",3,3,0
"5377","pineta.es","TRIFOLIUM PRATENSE",5.08333333333333,2.375,-2.70833333333333
"5384","purdue.us","ALCHEMILLA IDAEUS",28,37.5,9.5
"5386","purdue.us","ANDROPOGON GERARDII",18.75,26.6666666666667,7.91666666666667
"5389","purdue.us","DESMODIUM ILLINOENSE",13,19.75,6.75
"5391","purdue.us","EUTHAMIA GRAMINIFOLIA",13,25,12
"5398","purdue.us","SOLIDAGO CANADENSIS",78.75,72.5,-6.25
"5402","purdue.us","SYMPHYOTRICHUM NOVAE-ANGLIAE",16.7142857142857,16.6666666666667,-0.0476190476190474
"5404","purdue.us","SYMPHYOTRICHUM PILOSUM",7.2,7.5,0.3
"5485","quilpie.au","ABUTILON HALOPHILUM",5.66666666666667,5,-0.666666666666667
"5488","quilpie.au","CENTIPEDA CUNNINGHAMII",4,3.33333333333333,-0.666666666666667
"5491","quilpie.au","ERAGROSTIS SETIFOLIA",2,2,0
"5494","quilpie.au","SCLEROLAENA DIACANTHA",3,3,0
"5497","quilpie.au","SCLEROLAENA ERIACANTHA",4,3.33333333333333,-0.666666666666667
"5516","rhijn.nl","ARRHENATHERUM ELATIUS",8.33333333333333,20,11.6666666666667
"5524","rhijn.nl","CENTAUREA JACEA",7,6.5,-0.5
"5534","rhijn.nl","DACTYLIS GLOMERATA",15.8333333333333,20,4.16666666666667
"5541","rhijn.nl","FESTUCA RUBRA",40,25,-15
"5546","rhijn.nl","GALIUM MOLLUGO",25.8333333333333,25,-0.833333333333332
"5551","rhijn.nl","HOLCUS LANATUS",8.4,6.66666666666667,-1.73333333333333
"5566","rhijn.nl","LEUCANTHEMUM VULGARE",1,1,0
"5576","rhijn.nl","PLANTAGO LANCEOLATA",5.83333333333333,4,-1.83333333333333
"5585","rhijn.nl","POTENTILLA REPTANS",8,22.5,14.5
"5590","rhijn.nl","PRUNELLA VULGARIS",1.5,2,0.5
"5593","rhijn.nl","RANUNCULUS ACRIS",3,3,0
"5599","rhijn.nl","RUMEX ACETOSA",1.25,1.5,0.25
"5602","rhijn.nl","TARAXACUM TARAXACUM",1.5,1,-0.5
"5607","rhijn.nl","TRIFOLIUM PRATENSE",1,1,0
"5614","rhijn.nl","VERONICA CHAMAEDRYS",2,4,2
"5619","sand.us","ARISTIDA STRICTA",26.6666666666667,27,0.333333333333332
"5621","sand.us","CARPHEPHORUS BELLIDIFOLIUS",7,10,3
"5622","sand.us","CHAMAECRISTA NICTITANS",12,39.5,27.5
"5623","sand.us","CHRYSOPSIS MARIANA",6,26.5,20.5
"5630","sand.us","EUPHORBIA PUBENTISSIMA",3.66666666666667,5,1.33333333333333
"5631","sand.us","GALACTIA ERECTA",1,2.5,1.5
"5637","sand.us","LESPEDEZA PROCUMBENS",8,1,-7
"5638","sand.us","LIATRIS COKERI",26,14,-12
"5639","sand.us","MORELLA CERIFERA",1,1,0
"5640","sand.us","PANICUM COMMUTATUM",6.33333333333333,11.3333333333333,5
"5641","sand.us","PARTHENIUM INTEGRIFOLIUM",4,5,1
"5642","sand.us","PINUS PALUSTRIS",1.66666666666667,3.66666666666667,2
"5644","sand.us","PITYOPSIS ASPERA",6,12.6666666666667,6.66666666666667
"5646","sand.us","PTERIDIUM AQUILINUM",21.3333333333333,4.5,-16.8333333333333
"5655","sand.us","SCHIZACHYRIUM SCOPARIUM",14,9,-5
"5656","sand.us","SCLERIA TRIGLOMERATA",6,6,0
"5657","sand.us","SERICOCARPUS ASTEROIDES",2,1,-1
"5659","sand.us","VACCINIUM TENELLUM",15.6666666666667,23.5,7.83333333333333
"5667","sclaudio.ar","CYNODON DACTYLON",2.33333333333333,1,-1.33333333333333
"5671","sclaudio.ar","FESTUCA ARUNDINACEA",68.75,78.75,10
"5684","sclaudio.ar","SORGHUM HALEPENSE",10,15.25,5.25
"5696","scruzh.us","ANAGALLIS ARVENSIS",4.516493875,5.6818182,1.165324325
"5710","scruzh.us","BRIZA MAXIMA",26.74486566,39.30012252,12.55525686
"5718","scruzh.us","BROMUS HORDEACEUS",2.6345738,2.76928305,0.13470925
"5753","scruzh.us","HOLCUS LANATUS",13.7898687,14.5281933,0.738324600000002
"5768","scruzh.us","LINUM BIENNE",3.6585366,6.29785905,2.63932245
"5784","scruzh.us","PLANTAGO LANCEOLATA",11.96570875,22.2222222,10.25651345
"5800","scruzh.us","SISYRINCHIUM BELLUM",1.2195122,1.8340046,0.6144924
"5808","scruzh.us","STIPA PULCHRA",27.69133725,8.2963652,-19.39497205
"5822","scruzh.us","VULPIA MYUROS",29.6485841333333,4.135648425,-25.5129357083333
"5826","scruzl.us","AVENA BARBATA",5.47244596666667,1.2195122,-4.25293376666667
"5832","scruzl.us","BROMUS DIANDRUS",11.6161616,1.2195122,-10.3966494
"5843","scruzl.us","CARDUUS PYCNOCEPHALUS",8.79587136666667,20.12987015,11.3339987833333
"5856","scruzl.us","GERANIUM DISSECTUM",20.95602862,3.79926223333333,-17.1567663866667
"5873","scruzl.us","LOLIUM PERENNE",8.35844886666667,3.0194805,-5.33896836666667
"5879","scruzl.us","RAPHANUS SATIVUS",34.96364396,61.0981501,26.13450614
"5886","scruzl.us","SONCHUS ASPER",2.0408163,14.5478712333333,12.5070549333333
"5897","scruzl.us","VULPIA MYUROS",31.556947675,22.72727275,-8.829674925
"5903","scruzm.us","AVENA BARBATA",75.91367574,66.17974404,-9.7339317
"5910","scruzm.us","BRACHYPODIUM DISTACHYON",1.0416667,1.8348624,0.7931957
"5913","scruzm.us","BRIZA MAXIMA",2.45535715,3.6697248,1.21436765
"5919","scruzm.us","BROMUS DIANDRUS",2.25851305,2.1978022,-0.06071085
"5924","scruzm.us","CARDUUS PYCNOCEPHALUS",6.8493151,7.11889028,0.26957518
"5939","scruzm.us","ESCHSCHOLZIA CALIFORNICA",7.29629878,4.35033026666667,-2.94596851333333
"5943","scruzm.us","GERANIUM DISSECTUM",3.57737056666667,2.92613635,-0.651234216666666
"5948","scruzm.us","LOLIUM PERENNE",3.6458333,1.8181818,-1.8276515
"5955","scruzm.us","RAPHANUS SATIVUS",7.44020726,20.57703828,13.13683102
"5974","sevblack.us","CHONDROSUM ERIOPODUM",18.0928571428571,7.42857142857143,-10.6642857142857
"5975","sevblack.us","EUPHORBIA LATA",0.5,0.5,0
"5976","sevblack.us","GUTIERREZIA SAROTHRAE",18.25,20,1.75
"5977","sevblack.us","HOFFMANNSEGGIA DREPANOCARPA",0.5,0.5,0
"5979","sevblack.us","MUHLENBERGIA ARENICOLA",1,1,0
"5981","sevblack.us","SALSOLA KALI",4.05,0.65,-3.4
"5985","sevblue.us","CHONDROSUM ERIOPODUM",1.65,4.80833333333333,3.15833333333333
"5986","sevblue.us","CHONDROSUM GRACILE",14.3442857142857,9.42857142857143,-4.91571428571429
"5989","sevmixed.us","CHONDROSUM ERIOPODUM",11.4142857142857,7.34285714285714,-4.07142857142857
"5990","sevmixed.us","CHONDROSUM GRACILE",4.975,1.65,-3.325
"5992","sevmixed.us","HILARIA JAMESII",3.31428571428571,0.85,-2.46428571428571
"5993","sevmixed.us","MACHAERANTHERA PINNATIFIDA",0.5,0.5,0
"5995","sevmixed.us","SOLANUM ELAEAGNIFOLIUM",0.5,0.5,0
"6000","slp.us","AMBROSIA PSILOSTACHYA",2,10.3333333333333,8.33333333333333
"6004","slp.us","ANDROPOGON GLOMERATUS",19,17,-2
"6007","slp.us","ARISTIDA LONGESPICA",1,4.5,3.5
"6011","slp.us","BAPTISIA BRACTEATA",1,2,1
"6025","slp.us","GAILLARDIA AESTIVALIS",2,1,-1
"6031","slp.us","HETEROTHECA SUBAXILLARIS",6.33333333333333,6,-0.333333333333334
"6033","slp.us","HYPERICUM DRUMMONDII",4.66666666666667,1.5,-3.16666666666667
"6036","slp.us","JUNCUS MARGINATUS",3.33333333333333,5.66666666666667,2.33333333333333
"6040","slp.us","LECHEA MUCRONATA",1,1,0
"6052","slp.us","OXALIS DILLENII",1,2.5,1.5
"6061","slp.us","RUBUS TRIVIALIS",8.33333333333333,5.5,-2.83333333333333
"6065","slp.us","RUDBECKIA HIRTA",4.33333333333333,5.5,1.16666666666667
"6069","slp.us","SCLERIA CILIATA",1,1,0
"6072","slp.us","STEINCHISMA HIANS",1,44,43
"6077","spvdrt.ar","CARDIONEMA RAMOSISSIMUM",1,1.66666666666667,0.666666666666667
"6083","spvdrt.ar","ERODIUM CICUTARIUM",2,1,-1
"6089","spvdrt.ar","FACELIS RETUSA",6.66666666666667,3.66666666666667,-3
"6095","spvdrt.ar","GALIUM RICHARDIANUM",1,7,6
"6112","spvdrt.ar","HYPOCHAERIS RADICATA",2.66666666666667,3,0.333333333333333
"6118","spvdrt.ar","NASSELLA TENUIS",15.6666666666667,16.6666666666667,1
"6124","spvdrt.ar","NOTICASTRUM SERICEUM",1,4,3
"6129","spvdrt.ar","PANICUM URVILLEANUM",3,2.5,-0.5
"6135","spvdrt.ar","PAPPOSTIPA SPECIOSA",1.5,1.33333333333333,-0.166666666666667
"6143","spvdrt.ar","PLANTAGO PATAGONICA",2,1,-1
"6153","spvdrt.ar","SCHISMUS BARBATUS",2.33333333333333,1.33333333333333,-1
"6159","spvdrt.ar","SPOROBOLUS RIGENS",5.66666666666667,16,10.3333333333333
"6167","spvdrt.ar","VULPIA BROMOIDES",2,1,-1
"6173","teshio.jp","ANTHOXANTHUM ODORATUM",16.6666666666667,14.5,-2.16666666666667
"6177","teshio.jp","CALAMAGROSTIS EPIGEIOS",60.3,57.1,-3.2
"6179","teshio.jp","CAREX MIYABEI",50,25.5,-24.5
"6181","teshio.jp","EQUISETUM ARVENSE",4,5.5,1.5
"6184","teshio.jp","GERANIUM THUNBERGII",8,4.5,-3.5
"6187","teshio.jp","JUNCUS EFFUSUS",3,8,5
"6189","teshio.jp","PHALARIS ARUNDINACEA",25,12.5,-12.5
"6191","teshio.jp","PHRAGMITES AUSTRALIS",65,37.5,-27.5
"6195","teshio.jp","POLYGONUM THUNBERGII",12.5,6.25,-6.25
"6197","teshio.jp","RANUNCULUS REPENS",7,5,-2
"6199","teshio.jp","STELLARIA GRAMINEA",3.66666666666667,4.75,1.08333333333333
"6204","teshio.jp","TRIFOLIUM REPENS",3.66666666666667,3,-0.666666666666667
"6210","ukulingadrt.za","AFROASTER HISPIDA",3,7,4
"6217","ukulingadrt.za","CEPHALARIA PUNGENS",15.75,7,-8.75
"6219","ukulingadrt.za","CHAETACANTHUS BURCHELLII",2.66666666666667,8,5.33333333333333
"6221","ukulingadrt.za","COMMELINA AFRICANA",1.5,1,-0.5
"6224","ukulingadrt.za","CRABBEA SQUARROSA",3,3,0
"6226","ukulingadrt.za","CROTALARIA MICROCARPA",4,27,23
"6227","ukulingadrt.za","CYMBOPOGON CAESIUS",8.2,6.5,-1.7
"6230","ukulingadrt.za","DIHETEROPOGON AMPLECTENS",3,5,2
"6234","ukulingadrt.za","ERIOSEMA CORDATUM",13.5,2,-11.5
"6241","ukulingadrt.za","HIBISCUS AETHIOPICUS",4.2,5,0.8
"6244","ukulingadrt.za","HYPOXIS FILIFORMIS",3.33333333333333,6,2.66666666666667
"6245","ukulingadrt.za","INDIGOFERA HILARIS",5,15,10
"6253","ukulingadrt.za","PENTANISIA ANGUSTIFOLIA",11.5,4,-7.5
"6262","ukulingadrt.za","SENECIO BUPLEUROIDES",6.75,7.4,0.65
"6264","ukulingadrt.za","SENECIO CORONATUS",7,3,-4
"6266","ukulingadrt.za","SENECIO DELTOIDEUS",5,5.5,0.5
"6267","ukulingadrt.za","SENECIO RETRORSUS",5.5,4,-1.5
"6269","ukulingadrt.za","SETARIA NIGRIROSTRIS",40,30,-10
"6273","ukulingadrt.za","SPERMACOCE NATALENSIS",14,5,-9
"6279","ukulingadrt.za","THEMEDA TRIANDRA",11.3333333333333,15,3.66666666666667
"6281","ukulingadrt.za","THUNBERGIA ATRIPLICIFOLIA",11.4,35,23.6
"6283","ukulingadrt.za","TRAGIA MEYERIANA",3.5,3,-0.5
"6285","ukulingadrt.za","TRISTACHYA LEUCOTHRIX",30.5,46.6666666666667,16.1666666666667
"6293","validate.fr","ALOPECURUS PRATENSIS",6,16.4,10.4
"6299","validate.fr","ARRHENATHERUM ELATIUS",22.5,9.6,-12.9
"6305","validate.fr","DACTYLIS GLOMERATA",18.4,29.6,11.2
"6311","validate.fr","LOLIUM PERENNE",15.8,7.02,-8.78
"6317","validate.fr","POA PRATENSIS",21.8,13.8,-8
"6323","validate.fr","TARAXACUM CAMPYLODES",1.96,0.925,-1.035
"6329","validate.fr","TRISETUM FLAVESCENS",3.5,8.3,4.8
"6336","yarradrt.au","COMMELINA CYANEA",2,2,0
"6342","yarradrt.au","CYNODON DACTYLON",51.25,47.5,-3.75
"6347","yarradrt.au","DICHELACHNE CRINITA",1,1,0
"6348","yarradrt.au","EHRHARTA STIPOIDES",10.75,61.25,50.5
"6358","yarradrt.au","HYPOCHAERIS RADICATA",1,1,0
"6361","yarradrt.au","KYLLINGA ODORATA",1.5,1.25,-0.25
"6364","yarradrt.au","LOTUS CORNICULATUS",2,1,-1
"6368","yarradrt.au","SENECIO MADAGASCARIENSIS",2,15,13
"6371","yarradrt.au","SETARIA PARVIFLORA",21.25,3.33333333333333,-17.9166666666667
