,site_code,Taxon,n_treat_years,sum.ctrl.cover,mean.ctrl.cover,sum.drt.cover,mean.drt.cover,sum.cover.response,mean.cover.response
2,allmendb.ch,ACHILLEA MILLEFOLIUM,1,5.5,1.833333333,3.75,1.25,-1.75,-0.583333333
7,allmendb.ch,ANTHYLLIS VULNERARIA,1,1.5,0.75,0,0,-1.5,-0.75
11,allmendb.ch,ASPERULA CYNANCHICA,1,0.5,0.25,0.25,0.25,-0.25,0
15,allmendb.ch,BRACHYPODIUM PINNATUM,1,55.75,18.58333333,39,13,-16.75,-5.583333333
19,allmendb.ch,BRIZA MEDIA,1,7.5,2.5,7.5,2.5,0,0
23,allmendb.ch,BROMUS ERECTUS,1,51.75,17.25,66.25,22.08333333,14.5,4.833333333
27,allmendb.ch,CAREX CARYOPHYLLEA,1,32.5,10.83333333,49.5,16.5,17,5.666666667
31,allmendb.ch,CAREX FLACCA,1,8.75,4.375,0.25,0.25,-8.5,-4.125
35,allmendb.ch,CARLINA VULGARIS,1,0.25,0.25,0,0,-0.25,-0.25
39,allmendb.ch,CENTAUREA JACEA,1,7,2.333333333,3,1.5,-4,-0.833333333
43,allmendb.ch,CENTAUREA SCABIOSA,1,15.5,5.166666667,21.75,7.25,6.25,2.083333333
47,allmendb.ch,CREPIS BIENNIS,1,1.75,1.75,0.5,0.5,-1.25,-1.25
51,allmendb.ch,ECHIUM VULGARE,1,0.25,0.25,0.75,0.375,0.5,0.125
55,allmendb.ch,EUPHORBIA CYPARISSIAS,1,0.25,0.25,4,2,3.75,1.75
60,allmendb.ch,FESTUCA OVINA,1,2.25,2.25,2.5,0.833333333,0.25,-1.416666667
65,allmendb.ch,GALIUM VERUM,1,2.5,0.833333333,0,0,-2.5,-0.833333333
69,allmendb.ch,GLOBULARIA VULGARIS,1,5.25,1.75,0.75,0.375,-4.5,-1.375
73,allmendb.ch,HELIANTHEMUM NUMMULARIUM var. GRANDIFLORUM,1,18.75,6.25,32.5,10.83333333,13.75,4.583333333
77,allmendb.ch,HELICTOTRICHON PRATENSE,1,8.25,2.75,12.75,4.25,4.5,1.5
81,allmendb.ch,HIPPOCREPIS COMOSA,1,37.5,12.5,31.25,10.41666667,-6.25,-2.083333333
85,allmendb.ch,KNAUTIA ARVENSIS,1,0,0,1.5,1.5,1.5,1.5
89,allmendb.ch,LEUCANTHEMUM VULGARE,1,2.75,1.375,3,1.5,0.25,0.125
93,allmendb.ch,LINUM CATHARTICUM,1,7.5,2.5,6.25,2.083333333,-1.25,-0.416666667
97,allmendb.ch,LOTUS CORNICULATUS,1,2.75,0.916666667,4,1.333333333,1.25,0.416666667
101,allmendb.ch,MEDICAGO LUPULINA,1,2,1,0.25,0.25,-1.75,-0.75
104,allmendb.ch,PIMPINELLA SAXIFRAGA,1,7.5,2.5,7.25,2.416666667,-0.25,-0.083333333
108,allmendb.ch,PLANTAGO LANCEOLATA,1,0.25,0.25,2,1,1.75,0.75
112,allmendb.ch,POLYGALA VULGARIS,1,6,2,4.25,1.416666667,-1.75,-0.583333333
116,allmendb.ch,POTENTILLA GRANDIFLORA,1,2.75,0.916666667,2,0.666666667,-0.75,-0.25
120,allmendb.ch,PRUNELLA VULGARIS,1,53.5,17.83333333,42.25,14.08333333,-11.25,-3.75
127,allmendb.ch,RHINANTHUS MINOR,1,1.25,0.416666667,6,2,4.75,1.583333333
130,allmendb.ch,SALVIA PRATENSIS,1,2.25,1.125,6.5,3.25,4.25,2.125
134,allmendb.ch,SANGUISORBA MINOR,1,8,2.666666667,7.5,2.5,-0.5,-0.166666667
138,allmendb.ch,SCABIOSA COLUMBARIA,1,7.75,2.583333333,3,1,-4.75,-1.583333333
143,allmendb.ch,TARAXACUM TARAXACUM,1,0.5,0.5,0,0,-0.5,-0.5
147,allmendb.ch,TEUCRIUM CHAMAEDRYS,1,1,1,11.5,5.75,10.5,4.75
151,allmendb.ch,THYMUS SERPYLLUM,1,6.5,2.166666667,5,1.666666667,-1.5,-0.5
155,allmendb.ch,TRIFOLIUM MONTANUM,1,1,1,0.25,0.25,-0.75,-0.75
159,allmendb.ch,TRIFOLIUM PRATENSE,1,2,1,2.25,0.75,0.25,-0.25
162,allmendo.ch,ACHILLEA MILLEFOLIUM,1,1.25,1.25,0.75,0.75,-0.5,-0.5
166,allmendo.ch,ANTHYLLIS VULNERARIA,1,1.75,0.875,4.5,1.5,2.75,0.625
170,allmendo.ch,ASPERULA CYNANCHICA,1,1.25,0.416666667,4.75,2.375,3.5,1.958333333
174,allmendo.ch,BRACHYPODIUM PINNATUM,1,10.75,3.583333333,18.25,6.083333333,7.5,2.5
178,allmendo.ch,BRIZA MEDIA,1,5.5,1.833333333,7.25,2.416666667,1.75,0.583333333
182,allmendo.ch,BROMUS ERECTUS,1,68.5,22.83333333,47,15.66666667,-21.5,-7.166666667
186,allmendo.ch,CAREX CARYOPHYLLEA,1,37.25,12.41666667,42.5,14.16666667,5.25,1.75
190,allmendo.ch,CAREX FLACCA,1,1.5,1.5,1.5,1.5,0,0
195,allmendo.ch,CENTAUREA JACEA,1,2,1,4.5,2.25,2.5,1.25
199,allmendo.ch,CENTAUREA SCABIOSA,1,8.25,4.125,5.25,1.75,-3,-2.375
204,allmendo.ch,EUPHORBIA CYPARISSIAS,1,2.25,2.25,1.75,1.75,-0.5,-0.5
209,allmendo.ch,FESTUCA OVINA,1,16.25,5.416666667,21.25,7.083333333,5,1.666666667
213,allmendo.ch,GALIUM VERUM,1,5.25,1.75,1.75,0.875,-3.5,-0.875
217,allmendo.ch,GLOBULARIA VULGARIS,1,1.75,0.583333333,4,1.333333333,2.25,0.75
221,allmendo.ch,GYPSOPHILA REPENS,1,0.25,0.25,0.5,0.5,0.25,0.25
225,allmendo.ch,HELIANTHEMUM NUMMULARIUM var. GRANDIFLORUM,1,17.5,5.833333333,16.25,5.416666667,-1.25,-0.416666667
229,allmendo.ch,HELICTOTRICHON PRATENSE,1,3.25,1.083333333,11.25,3.75,8,2.666666667
233,allmendo.ch,HIPPOCREPIS COMOSA,1,16,5.333333333,8.5,2.833333333,-7.5,-2.5
239,allmendo.ch,LINUM CATHARTICUM,1,6.25,2.083333333,5,1.666666667,-1.25,-0.416666667
243,allmendo.ch,LOTUS CORNICULATUS,1,1.25,0.625,0.75,0.375,-0.5,-0.25
247,allmendo.ch,MEDICAGO LUPULINA,1,0.25,0.25,0,0,-0.25,-0.25
249,allmendo.ch,PIMPINELLA SAXIFRAGA,1,7,2.333333333,6.5,2.166666667,-0.5,-0.166666667
253,allmendo.ch,PLANTAGO LANCEOLATA,1,1.5,0.75,0.75,0.75,-0.75,0
257,allmendo.ch,POLYGALA VULGARIS,1,0.75,0.375,0.5,0.5,-0.25,0.125
259,allmendo.ch,POTENTILLA GRANDIFLORA,1,15.75,5.25,9.75,3.25,-6,-2
263,allmendo.ch,PRUNELLA VULGARIS,1,23.75,7.916666667,12.5,4.166666667,-11.25,-3.75
267,allmendo.ch,RHINANTHUS MINOR,1,3.25,1.083333333,2.5,0.833333333,-0.75,-0.25
271,allmendo.ch,SALVIA PRATENSIS,1,0.5,0.5,7.75,3.875,7.25,3.375
275,allmendo.ch,SANGUISORBA MINOR,1,0,0,0.5,0.5,0.5,0.5
279,allmendo.ch,SCABIOSA COLUMBARIA,1,0.5,0.25,3.25,1.625,2.75,1.375
284,allmendo.ch,TEUCRIUM CHAMAEDRYS,1,11.5,3.833333333,7.75,2.583333333,-3.75,-1.25
288,allmendo.ch,TEUCRIUM MONTANUM,1,7.25,7.25,0,0,-7.25,-7.25
292,allmendo.ch,THYMUS SERPYLLUM,1,4.5,1.5,5.5,1.833333333,1,0.333333333
296,allmendo.ch,TRIFOLIUM MONTANUM,1,2,0.666666667,0.5,0.5,-1.5,-0.166666667
299,antelope.us,BASSIA SCOPARIA,1,0.32,0.045714286,5.63,0.70375,5.31,0.658035714
303,antelope.us,CHONDROSUM ERIOPODUM,1,47.65,5.95625,45.45,5.68125,-2.2,-0.275
310,antelope.us,HILARIA JAMESII,1,33.7,4.2125,15.8,1.975,-17.9,-2.2375
316,antelope.us,MENTZELIA MONTANA,1,0.92,0.131428571,2.21,0.368333333,1.29,0.236904762
320,antelope.us,POMARIA JAMESII,1,1,1,0,0,-1,-1
324,antelope.us,SALSOLA KALI,1,0.25,0.25,2.8,0.933333333,2.55,0.683333333
329,antelope.us,SPHAERALCEA HASTULATA,1,0.05,0.05,2,2,1.95,1.95
333,ayora.es,APHYLLANTHES MONSPELIENSIS,1,0,0,1,1,1,1
336,ayora.es,ARGYROLOBIUM ZANONII,1,2,1,1,1,-1,0
339,ayora.es,ASPERULA ARISTATA,1,1,1,0,0,-1,-1
341,ayora.es,BRACHYPODIUM RETUSUM,1,61,10.16666667,73,24.33333333,12,14.16666667
345,ayora.es,CAREX DISTACHYA,1,15,7.5,5,2.5,-10,-5
348,ayora.es,CISTUS ALBIDUS,1,70,11.66666667,44,14.66666667,-26,3
351,ayora.es,CISTUS CLUSII,1,9,4.5,5,5,-4,0.5
354,ayora.es,CORIS MONSPELIENSIS,1,1,1,0,0,-1,-1
360,ayora.es,DORYCNIUM PENTAPHYLLUM,1,46,9.2,16,8,-30,-1.2
363,ayora.es,FUMANA ERICIFOLIA,1,53,10.6,5,1.666666667,-48,-8.933333333
367,ayora.es,FUMANA LAEVIPES,1,5,2.5,0,0,-5,-2.5
373,ayora.es,FUMARIA CAPREOLATA,1,8,1.6,1,1,-7,-0.6
375,ayora.es,GALIUM LUCIDUM,1,2,1,5,2.5,3,1.5
378,ayora.es,GLADIOLUS ILLYRICUS,1,4,2,0,0,-4,-2
380,ayora.es,HELIANTHEMUM APENNINUM,1,0,0,1,1,1,1
381,ayora.es,HELIANTHEMUM CINEREUM,1,15,2.5,9,3,-6,0.5
384,ayora.es,HELICTOTRICHON FILIFOLIUM,1,17,17,7,7,-10,-10
390,ayora.es,LINUM SUFFRUTICOSUM,1,15,7.5,3,3,-12,-4.5
393,ayora.es,LITHODORA FRUTICOSA,1,4,2,0,0,-4,-2
396,ayora.es,ONONIS MINUTISSIMA,1,12,2.4,0,0,-12,-2.4
400,ayora.es,PINUS HALEPENSIS,1,1,1,0,0,-1,-1
402,ayora.es,POLYGALA RUPESTRIS,1,2,1,1,1,-1,0
406,ayora.es,ROSMARINUS OFFICINALIS,1,411,68.5,241,80.33333333,-170,11.83333333
409,ayora.es,RUBIA PEREGRINA,1,1,1,0,0,-1,-1
414,ayora.es,STIPA JUNCEA,1,34,6.8,1,1,-33,-5.8
416,ayora.es,TEUCRIUM CAPITATUM,1,5,1.666666667,0,0,-5,-1.666666667
420,ayora.es,THESIUM HUMIFUSUM,1,6,2,4,2,-2,0
424,ayora.es,THYMUS VULGARIS,1,10,10,0,0,-10,-10
427,ayora.es,ULEX PARVIFLORUS,1,249,41.5,80,26.66666667,-169,-14.83333333
430,baddrt.de,ACER PLATANOIDES,1,2,2,0,0,-2,-2
434,baddrt.de,APERA SPICA-VENTI,1,38.1,4.7625,28.1,9.366666667,-10,4.604166667
440,baddrt.de,BROMUS HORDEACEUS,1,1.1,0.55,0.02,0.01,-1.08,-0.54
444,baddrt.de,BROMUS STERILIS,1,0.41,0.1025,5,5,4.59,4.8975
453,baddrt.de,CIRSIUM ARVENSE,1,29.5,3.277777778,16.5,3.3,-13,0.022222222
458,baddrt.de,CREPIS BIENNIS,1,34,4.857142857,26,6.5,-8,1.642857143
462,baddrt.de,CREPIS CAPILLARIS,1,9.7,1.616666667,18,9,8.3,7.383333333
468,baddrt.de,ECHINOPS SPHAEROCEPHALUS,1,0,0,0.2,0.2,0.2,0.2
469,baddrt.de,EPILOBIUM ANGUSTIFOLIUM,1,0,0,2.1,1.05,2.1,1.05
471,baddrt.de,EPILOBIUM TETRAGONUM,1,8.12,0.812,4,0.8,-4.12,-0.012
473,baddrt.de,ERIGERON CANADENSIS,1,1.06,0.353333333,0,0,-1.06,-0.353333333
478,baddrt.de,FESTUCA RUPICOLA,1,0.05,0.05,0,0,-0.05,-0.05
479,baddrt.de,GALIUM APARINE,1,0.42,0.07,0.2,0.1,-0.22,0.03
483,baddrt.de,HYPERICUM PERFORATUM,1,0.2,0.2,0,0,-0.2,-0.2
487,baddrt.de,HYPOCHAERIS RADICATA,1,0.2,0.2,1,1,0.8,0.8
491,baddrt.de,LEUCANTHEMUM VULGARE,1,0.8,0.8,0,0,-0.8,-0.8
495,baddrt.de,LOLIUM PERENNE,1,0,0,0.05,0.05,0.05,0.05
503,baddrt.de,PICRIS HIERACIOIDES,1,630,63,240,48,-390,-15
507,baddrt.de,PLANTAGO LANCEOLATA,1,0.05,0.05,0.3,0.3,0.25,0.25
513,baddrt.de,POA TRIVIALIS,1,4.21,1.403333333,0.01,0.01,-4.2,-1.393333333
518,baddrt.de,PRUNUS AVIUM,1,0.3,0.3,0,0,-0.3,-0.3
519,baddrt.de,RUMEX CRISPUS,1,5,5,0.5,0.5,-4.5,-4.5
523,baddrt.de,SENECIO LEUCANTHEMIFOLIUS,1,0,0,0.01,0.01,0.01,0.01
525,baddrt.de,SOLIDAGO CANADENSIS,1,0.2,0.2,0.3,0.15,0.1,-0.05
528,baddrt.de,SONCHUS ASPER,1,1.05,0.35,3,1,1.95,0.65
529,baddrt.de,SONCHUS OLERACEUS,1,1.31,0.3275,0.1,0.1,-1.21,-0.2275
530,baddrt.de,TARAXACUM TARAXACUM,1,22.4,2.24,35.3,7.06,12.9,4.82
536,baddrt.de,TRAGOPOGON PRATENSIS,1,0.5,0.5,0,0,-0.5,-0.5
543,baddrt.de,TRIPLEUROSPERMUM INODORUM,1,1,0.5,0,0,-1,-0.5
552,baddrt.de,VICIA SATIVA,1,15,15,0,0,-15,-15
556,baddrt.de,VULPIA MYUROS,1,30.4,4.342857143,10.6,3.533333333,-19.8,-0.80952381
561,bayrdrt.de,ACHILLEA MILLEFOLIUM,1,2,2,25,25,23,23
569,bayrdrt.de,ALOPECURUS PRATENSIS,1,175,43.75,265,53,90,9.25
578,bayrdrt.de,ARRHENATHERUM ELATIUS,1,122.1,24.42,150,30,27.9,5.58
587,bayrdrt.de,BETULA PENDULA,1,0.1,0.1,0,0,-0.1,-0.1
593,bayrdrt.de,CERASTIUM FONTANUM,1,5.1,1.275,3.1,1.033333333,-2,-0.241666667
602,bayrdrt.de,CYNOSURUS CRISTATUS,1,5,5,20.1,6.7,15.1,1.7
615,bayrdrt.de,FESTUCA RUBRA,1,185,37,70,14,-115,-23
627,bayrdrt.de,HIERACIUM PILOSELLA,1,0,0,30,30,30,30
632,bayrdrt.de,HYPOCHAERIS RADICATA,1,0.1,0.1,6,3,5.9,2.9
645,bayrdrt.de,LOLIUM PERENNE,1,0.1,0.1,0,0,-0.1,-0.1
655,bayrdrt.de,LUZULA CAMPESTRIS,1,0.1,0.1,2,2,1.9,1.9
660,bayrdrt.de,PHLEUM PRATENSE,1,5,5,23,7.666666667,18,2.666666667
661,bayrdrt.de,PILOSELLA AURANTIACA,1,0,0,4,4,4,4
666,bayrdrt.de,PILOSELLA PILOSELLOIDES,1,3,1.5,50.1,25.05,47.1,23.55
675,bayrdrt.de,POA PRATENSIS,1,25,8.333333333,33,6.6,8,-1.733333333
682,bayrdrt.de,PRUNELLA VULGARIS,1,0,0,0.1,0.1,0.1,0.1
685,bayrdrt.de,QUERCUS ROBUR,1,0.1,0.1,0,0,-0.1,-0.1
687,bayrdrt.de,RANUNCULUS ACRIS,1,15.2,3.8,9,3,-6.2,-0.8
692,bayrdrt.de,RHINANTHUS MINOR,1,0.1,0.1,2,2,1.9,1.9
700,bayrdrt.de,SCORZONEROIDES AUTUMNALIS,1,1,1,0.1,0.1,-0.9,-0.9
703,bayrdrt.de,TARAXACUM TARAXACUM,1,16,5.333333333,9,3,-7,-2.333333333
717,bayrdrt.de,TRIFOLIUM REPENS,1,5,5,2,2,-3,-3
724,bayrdrt.de,VERONICA ARVENSIS,1,5,5,0,0,-5,-5
733,bayrdrt.de,VERONICA SERPYLLIFOLIA,1,0.1,0.1,0,0,-0.1,-0.1
734,bayrdrt.de,VICIA ARTICULATA,1,0.1,0.1,0.1,0.1,0,0
735,bayrdrt.de,VICIA CRACCA,1,3,3,3.1,1.55,0.1,-1.45
746,bayrdrt.de,VICIA SEPIUM,1,1,1,55.1,18.36666667,54.1,17.36666667
756,bfl.us,AMBROSIA PSILOSTACHYA,1,8,8,0,0,-8,-8
760,bfl.us,ANDROPOGON GLOMERATUS,1,31,15.5,23,11.5,-8,-4
765,bfl.us,CROTON GLANDULOSUS,1,2,1,0,0,-2,-1
769,bfl.us,CROTON LINDHEIMERIANUS,1,2,1,1,1,-1,0
773,bfl.us,DESMANTHUS ACUMINATUS,1,18,6,23,11.5,5,5.5
777,bfl.us,DICHANTHELIUM OLIGOSANTHES,1,32,10.66666667,96,32,64,21.33333333
784,bfl.us,EVOLVULUS SERICEUS,1,2,1,4,1.333333333,2,0.333333333
788,bfl.us,GALACTIA MARGINALIS,1,0,0,7,7,7,7
791,bfl.us,HEDEOMA ACINOIDES,1,1,1,1,1,0,0
794,bfl.us,HELENIUM AMARUM,1,0,0,2,2,2,2
797,bfl.us,HETEROPOGON CONTORTUS,1,0,0,17,8.5,17,8.5
801,bfl.us,HYPERICUM DRUMMONDII,1,5,5,0,0,-5,-5
804,bfl.us,IVA ANGUSTIFOLIA,1,45,15,49,24.5,4,9.5
807,bfl.us,LECHEA SAN-SABEANA,1,0,0,11,3.666666667,11,3.666666667
811,bfl.us,LIATRIS PUNCTATA,1,41,13.66666667,23,11.5,-18,-2.166666667
814,bfl.us,LINUM RIGIDUM,1,1,1,8,8,7,7
821,bfl.us,PHYLLANTHUS POLYGONOIDES,1,1,1,1,1,0,0
824,bfl.us,PLANTAGO RHODOSPERMA,1,1,1,2,1,1,0
827,bfl.us,POLYPREMUM PROCUMBENS,1,1,1,5,2.5,4,1.5
829,bfl.us,QUERCUS FUSIFORMIS,1,0,0,1,1,1,1
830,bfl.us,RUDBECKIA HIRTA,1,1,1,3,1.5,2,0.5
834,bfl.us,SCHIZACHYRIUM SCOPARIUM,1,18,9,6,6,-12,-3
836,bfl.us,STENARIA NIGRICANS,1,4,4,2,1,-2,-3
838,bfl.us,SYMPHYOTRICHUM DRUMMONDII,1,0,0,2,2,2,2
840,bfl.us,THELESPERMA FILIFOLIUM,1,3,3,0,0,-3,-3
843,bfl.us,TORILIS ARVENSIS,1,1,1,0,0,-1,-1
848,biddulph.ca,ARTEMISIA FRIGIDA,1,5,5,2,2,-3,-3
853,biddulph.ca,ARTEMISIA LUDOVICIANA,1,0,0,1,1,1,1
859,biddulph.ca,CAMPANULA ROTUNDIFOLIA,1,0,0,4,4,4,4
864,biddulph.ca,CERASTIUM ARVENSE,1,0,0,2,2,2,2
869,biddulph.ca,CHONDROSUM GRACILE,1,2,2,0,0,-2,-2
872,biddulph.ca,ELYMUS SMITHII,1,0,0,0.5,0.5,0.5,0.5
876,biddulph.ca,FESTUCA ALTAICA,1,2,2,0.5,0.5,-1.5,-1.5
878,biddulph.ca,HELICTOTRICHON HOOKERI,1,5,5,5,5,0,0
884,biddulph.ca,KOELERIA MACRANTHA,1,1.5,0.75,1,1,-0.5,0.25
887,biddulph.ca,LIATRIS PUNCTATA,1,0,0,1,1,1,1
892,biddulph.ca,LYGODESMIA JUNCEA,1,1.5,0.75,0,0,-1.5,-0.75
897,biddulph.ca,PSORALEA LANCEOLATA,1,13,6.5,33,11,20,4.5
902,biddulph.ca,ROSA ARKANSANA,1,8,8,1,1,-7,-7
912,biddulph.ca,SOLIDAGO MISSOURIENSIS,1,8,8,0,0,-8,-8
917,biddulph.ca,STIPA COMATA,1,25,12.5,29,14.5,4,2
1258,brokenh.au,ACACIA TETRAGONOPHYLLA,1,1,1,0,0,-1,-1
1261,brokenh.au,MAIREANA PYRAMIDATA,1,28,9.333333333,0,0,-28,-9.333333333
1265,brokenh.au,SCLEROLAENA DIACANTHA,1,3,1,2,1,-1,0
1267,brokenh.au,SIDA PETROPHILA,1,5,1.25,3,1,-2,-0.25
1268,brokenh.au,SOLANUM ELLIPTICUM,1,2,1,1,1,-1,0
1269,brokenh.au,TRIPOGON LOLIIFORMIS,1,2,1,0,0,-2,-1
1271,brookdale.ca,ACHILLEA MILLEFOLIUM,1,1,1,1.5,1.5,0.5,0.5
1275,brookdale.ca,AGASTACHE FOENICULUM,1,0,0,3,1.5,3,1.5
1279,brookdale.ca,ALLIUM CERNUUM,1,1,1,0,0,-1,-1
1283,brookdale.ca,ANDROPOGON GERARDII,1,5.75,2.875,7.833333333,2.611111111,2.083333333,-0.263888889
1287,brookdale.ca,ANEMONASTRUM CANADENSE,1,6,2,9.75,2.4375,3.75,0.4375
1292,brookdale.ca,ARTEMISIA LUDOVICIANA,1,6.25,1.25,9.75,1.95,3.5,0.7
1296,brookdale.ca,BROMUS INERMIS,1,15.5,3.1,18.25,3.65,2.75,0.55
1302,brookdale.ca,CIRSIUM ARVENSE,1,9.5,1.9,10.66666667,2.133333333,1.166666666,0.233333333
1305,brookdale.ca,COMANDRA UMBELLATA,1,1,1,0,0,-1,-1
1311,brookdale.ca,CYPRIPEDIUM PARVIFLORUM,1,2.5,1.25,2,1,-0.5,-0.25
1315,brookdale.ca,ELYMUS REPENS,1,0,0,2,1,2,1
1319,brookdale.ca,GALIUM BOREALE,1,6.416666667,1.283333333,6.666666667,1.333333333,0.25,0.05
1323,brookdale.ca,GLYCYRRHIZA LEPIDOTA,1,21.75,4.35,18.75,3.75,-3,-0.6
1326,brookdale.ca,HELIANTHUS PAUCIFLORUS,1,4.333333333,1.083333333,6.25,1.25,1.916666667,0.166666667
1328,brookdale.ca,HELIOPSIS HELIANTHOIDES,1,0,0,2,2,2,2
1331,brookdale.ca,HEUCHERA RICHARDSONII,1,1,1,0,0,-1,-1
1333,brookdale.ca,LATHYRUS OCHROLEUCUS,1,2.5,2.5,6.25,2.083333333,3.75,-0.416666667
1338,brookdale.ca,LIATRIS LIGULISTYLIS,1,1,1,1,1,0,0
1341,brookdale.ca,LITHOSPERMUM CANESCENS,1,3,1,1.666666667,1.666666667,-1.333333333,0.666666667
1347,brookdale.ca,POA PRATENSIS,1,32.75,6.55,31.25,6.25,-1.5,-0.3
1350,brookdale.ca,POPULUS BALSAMIFERA,1,1,1,0,0,-1,-1
1352,brookdale.ca,ROSA ACICULARIS,1,7.583333333,1.516666667,7.833333333,1.566666667,0.25,0.05
1356,brookdale.ca,SOLIDAGO CANADENSIS,1,12,2.4,14.5,2.9,2.5,0.5
1360,brookdale.ca,SOLIDAGO RIGIDA,1,5,2.5,1.5,1.5,-3.5,-1
1363,brookdale.ca,SONCHUS ARVENSIS,1,7.75,1.55,9.75,1.95,2,0.4
1367,brookdale.ca,STIPA CURTISETA,1,0,0,4.333333333,1.083333333,4.333333333,1.083333333
1371,brookdale.ca,SYMPHORICARPOS ALBUS,1,12.75,2.55,9.25,1.85,-3.5,-0.7
1375,brookdale.ca,SYMPHYOTRICHUM ERICOIDES,1,4,4,5,1.25,1,-2.75
1379,brookdale.ca,SYMPHYOTRICHUM LAEVE,1,0,0,2.666666667,2.666666667,2.666666667,2.666666667
1383,brookdale.ca,THALICTRUM VENULOSUM,1,1,1,5.25,1.75,4.25,0.75
1387,brookdale.ca,VICIA AMERICANA,1,4,1,3,1,-1,0
1390,brookdale.ca,VIOLA ADUNCA,1,2,1,1,1,-1,0
1395,brookdale.ca,ZIZIA APTERA,1,2,2,1,1,-1,-1
1399,capmcd.us,ACMISPON MARITIMUS,1,0.5,0.5,0,0,-0.5,-0.5
1402,capmcd.us,AMSINCKIA TESSELLATA,1,0,0,3,3,3,3
1404,capmcd.us,ASTRAGALUS NUTTALLIANUS,1,2,1,1.5,0.75,-0.5,-0.25
1406,capmcd.us,BROMUS RUBENS,1,2,0.5,0.5,0.5,-1.5,0
1411,capmcd.us,CHAENACTIS STEVIOIDES,1,1,1,0.5,0.5,-0.5,-0.5
1412,capmcd.us,CRYPTANTHA PTEROCARYA,1,0,0,0.5,0.5,0.5,0.5
1414,capmcd.us,DICHELOSTEMMA CAPITATUM,1,1.5,0.5,1.5,0.5,0,0
1417,capmcd.us,ENCELIA FARINOSA,1,0,0,0.5,0.5,0.5,0.5
1423,capmcd.us,ERODIUM TEXANUM,1,1,1,0.5,0.5,-0.5,-0.5
1424,capmcd.us,EUPHORBIA POLYCARPA,1,11,2.75,6,1.5,-5,-1.25
1433,capmcd.us,LOGFIA ARIZONICA,1,0.5,0.5,0,0,-0.5,-0.5
1435,capmcd.us,OTTLEYA STRIGOSA,1,1,0.5,1,1,0,0.5
1437,capmcd.us,PECTOCARYA HETEROCARPA,1,0.5,0.5,0,0,-0.5,-0.5
1440,capmcd.us,PECTOCARYA RECURVATA,1,36.5,5.214285714,20,2.857142857,-16.5,-2.357142857
1444,capmcd.us,PHYSARIA GORDONII,1,0.5,0.5,0,0,-0.5,-0.5
1447,capmcd.us,PLANTAGO OVATA,1,61,8.714285714,166,23.71428571,105,15
1451,capmcd.us,PLANTAGO PATAGONICA,1,1.5,0.75,4,4,2.5,3.25
1454,capmcd.us,SCHISMUS ARABICUS,1,237,33.85714286,176,25.14285714,-61,-8.714285714
1458,capwhite.us,ACMISPON MARITIMUS,1,2.5,1.25,3.5,0.875,1,-0.375
1462,capwhite.us,ASTRAGALUS NUTTALLIANUS,1,1,0.5,1.5,0.75,0.5,0.25
1463,capwhite.us,CHAENACTIS STEVIOIDES,1,0.5,0.5,0,0,-0.5,-0.5
1464,capwhite.us,CHORIZANTHE BREVICORNU,1,1.5,0.5,1,0.5,-0.5,0
1466,capwhite.us,CRASSULA CONNATA,1,0.5,0.5,0,0,-0.5,-0.5
1471,capwhite.us,LOGFIA ARIZONICA,1,6.5,0.928571429,23.5,4.7,17,3.771428571
1473,capwhite.us,LUPINUS SPARSIFLORUS,1,1.5,1.5,0,0,-1.5,-1.5
1475,capwhite.us,MONOPTILON BELLIOIDES,1,0.5,0.5,0.5,0.5,0,0
1476,capwhite.us,OTTLEYA STRIGOSA,1,1.5,0.5,3,0.6,1.5,0.1
1478,capwhite.us,PECTOCARYA HETEROCARPA,1,2.5,1.25,0,0,-2.5,-1.25
1481,capwhite.us,PECTOCARYA PLATYCARPA,1,2.5,1.25,0.5,0.5,-2,-0.75
1484,capwhite.us,PECTOCARYA RECURVATA,1,1,0.5,2.5,0.5,1.5,0
1487,capwhite.us,PHYSARIA GORDONII,1,0.5,0.5,1,0.5,0.5,0
1490,capwhite.us,PLANTAGO OVATA,1,38,9.5,32,4.571428571,-6,-4.928571429
1493,capwhite.us,PLANTAGO PATAGONICA,1,6,1.5,2,1,-4,-0.5
1496,capwhite.us,SCHISMUS ARABICUS,1,250,35.71428571,54,7.714285714,-196,-28
1499,capwhite.us,VULPIA OCTOFLORA,1,1,0.5,0,0,-1,-0.5
1501,cdpt_drt.us,ARISTIDA PURPUREA,1,6,6,13,4.333333333,7,-1.666666667
1502,cdpt_drt.us,ARTEMISIA FILIFOLIA,1,8,8,0,0,-8,-8
1503,cdpt_drt.us,ARTEMISIA FRIGIDA,1,28,4.666666667,69,11.5,41,6.833333333
1504,cdpt_drt.us,ASCLEPIAS PUMILA,1,0,0,0.1,0.1,0.1,0.1
1505,cdpt_drt.us,ASTRAGALUS LAXMANNII,1,0.1,0.1,0,0,-0.1,-0.1
1506,cdpt_drt.us,BOUTELOUA GRACILIS,1,90,15,77,12.83333333,-13,-2.166666667
1507,cdpt_drt.us,BROMUS JAPONICUS,1,4,2,4,4,0,2
1508,cdpt_drt.us,BUCHLOE DACTYLOIDES,1,1,1,0,0,-1,-1
1509,cdpt_drt.us,CAREX FILIFOLIA,1,111,18.5,115,19.16666667,4,0.666666667
1510,cdpt_drt.us,CHENOPODIUM ALBUM,1,0.3,0.1,0.2,0.1,-0.1,0
1511,cdpt_drt.us,COREOPSIS TINCTORIA,1,21,3.5,4.5,2.25,-16.5,-1.25
1512,cdpt_drt.us,DALEA ENNEANDRA,1,0.5,0.5,0,0,-0.5,-0.5
1513,cdpt_drt.us,DICHANTHELIUM OLIGOSANTHES,1,3,3,0.5,0.5,-2.5,-2.5
1514,cdpt_drt.us,ELYMUS ELYMOIDES,1,0,0,1,1,1,1
1515,cdpt_drt.us,ESCOBARIA VIVIPARA,1,0.9,0.18,0,0,-0.9,-0.18
1516,cdpt_drt.us,GAURA COCCINEA,1,2,2,1,1,-1,-1
1517,cdpt_drt.us,HELIANTHUS ANNUUS,1,0.5,0.5,2.6,0.866666667,2.1,0.366666667
1518,cdpt_drt.us,HESPEROSTIPA COMATA,1,61,10.16666667,93,15.5,32,5.333333333
1519,cdpt_drt.us,HETEROTHECA VILLOSA,1,0,0,1.1,0.55,1.1,0.55
1520,cdpt_drt.us,KOELERIA MACRANTHA,1,10,10,12,12,2,2
1521,cdpt_drt.us,LEPIDIUM DENSIFLORUM,1,0,0,0.1,0.1,0.1,0.1
1522,cdpt_drt.us,LIATRIS PUNCTATA,1,0.5,0.5,1,1,0.5,0.5
1523,cdpt_drt.us,LINUM RIGIDUM,1,0.1,0.1,0,0,-0.1,-0.1
1524,cdpt_drt.us,LITHOSPERMUM INCISUM,1,11,2.75,13,2.166666667,2,-0.583333333
1525,cdpt_drt.us,LYGODESMIA JUNCEA,1,3.6,1.2,1.1,0.55,-2.5,-0.65
1526,cdpt_drt.us,MACHAERANTHERA PINNATIFIDA,1,0.6,0.3,0.1,0.1,-0.5,-0.2
1527,cdpt_drt.us,OPUNTIA POLYACANTHA,1,0.2,0.1,1,1,0.8,0.9
1528,cdpt_drt.us,PENSTEMON ALBIDUS,1,0,0,0.5,0.5,0.5,0.5
1529,cdpt_drt.us,PLANTAGO PATAGONICA,1,0.1,0.1,0,0,-0.1,-0.1
1530,cdpt_drt.us,POLYGALA ALBA,1,0,0,2,2,2,2
1531,cdpt_drt.us,PSORALIDIUM TENUIFLORUM,1,5,1.666666667,19.1,6.366666667,14.1,4.7
1532,cdpt_drt.us,SPHAERALCEA COCCINEA,1,2,1,7.6,1.9,5.6,0.9
1533,cdpt_drt.us,SPOROBOLUS CRYPTANDRUS,1,6,3,4.5,1.125,-1.5,-1.875
1534,cdpt_drt.us,TRADESCANTIA OCCIDENTALIS,1,1,1,0,0,-1,-1
1535,cdpt_drt.us,TRAGOPOGON DUBIUS,1,0,0,0.1,0.1,0.1,0.1
1536,cdpt_drt.us,VERBENA STRICTA,1,0,0,0.1,0.1,0.1,0.1
1537,cedarsav.us,AMBROSIA ARTEMISIIFOLIA,1,32,8,3,1.5,-29,-6.5
1541,cedarsav.us,AMORPHA CANESCENS,1,7,2.333333333,27,6.75,20,4.416666667
1543,cedarsav.us,AMPHICARPAEA BRACTEATA,1,1,1,0,0,-1,-1
1546,cedarsav.us,ANDROPOGON GERARDII,1,120,17.14285714,44,8.8,-76,-8.342857143
1552,cedarsav.us,ARTEMISIA LUDOVICIANA,1,1,1,1,1,0,0
1556,cedarsav.us,CALAMOVILFA LONGIFOLIA,1,15,5,5,5,-10,0
1560,cedarsav.us,COMANDRA UMBELLATA,1,87,9.666666667,20,6.666666667,-67,-3
1563,cedarsav.us,COREOPSIS PALMATA,1,55,27.5,20,6.666666667,-35,-20.83333333
1567,cedarsav.us,DIGITARIA COGNATA,1,2,2,0,0,-2,-2
1571,cedarsav.us,EUTHAMIA GRAMINIFOLIA,1,26,4.333333333,16,4,-10,-0.333333333
1576,cedarsav.us,HELIANTHEMUM BICKNELLII,1,0,0,4,4,4,4
1580,cedarsav.us,LATHYRUS VENOSUS,1,20,5,9,4.5,-11,-0.5
1583,cedarsav.us,LESPEDEZA CAPITATA,1,0,0,2,2,2,2
1585,cedarsav.us,LITHOSPERMUM CANESCENS,1,9,3,13,4.333333333,4,1.333333333
1590,cedarsav.us,MUHLENBERGIA RACEMOSA,1,5,5,0,0,-5,-5
1593,cedarsav.us,PANICUM ACUMINATUM,1,3,3,4,4,1,1
1595,cedarsav.us,PANICUM OLIGOSANTHES,1,5,5,0,0,-5,-5
1597,cedarsav.us,PANICUM VIRGATUM,1,2,2,0,0,-2,-2
1598,cedarsav.us,PENSTEMON GRACILIS,1,0,0,1,1,1,1
1600,cedarsav.us,POA PRATENSIS,1,54,5.4,28,5.6,-26,0.2
1605,cedarsav.us,QUERCUS ELLIPSOIDALIS,1,0,0,40,20,40,20
1608,cedarsav.us,QUERCUS MACROCARPA,1,6,6,15,15,9,9
1611,cedarsav.us,ROSA ARKANSANA,1,0,0,3,3,3,3
1613,cedarsav.us,SCHIZACHYRIUM SCOPARIUM,1,165,20.625,85,17,-80,-3.625
1617,cedarsav.us,SOLIDAGO MISSOURIENSIS,1,6,6,0,0,-6,-6
1619,cedarsav.us,SORGHASTRUM NUTANS,1,75,12.5,25,25,-50,12.5
1622,cedarsav.us,STIPA SPARTEA,1,60,15,0,0,-60,-15
1626,cedarsav.us,SYMPHYOTRICHUM OOLENTANGIENSE,1,23,7.666666667,0,0,-23,-7.666666667
1630,cedartrait.us,ACHILLEA MILLEFOLIUM,1,1,1,1,1,0,0
1637,cedartrait.us,AMORPHA CANESCENS,1,12,3,0,0,-12,-3
1640,cedartrait.us,ANDROPOGON GERARDII,1,136,17,32,6.4,-104,-10.6
1645,cedartrait.us,BAPTISIA ALBA,1,34,11.33333333,0,0,-34,-11.33333333
1648,cedartrait.us,BOUTELOUA GRACILIS,1,0,0,8,8,8,8
1652,cedartrait.us,COREOPSIS PALMATA,1,50,25,13,13,-37,-12
1657,cedartrait.us,DALEA VILLOSA,1,19,3.166666667,6,3,-13,-0.166666667
1661,cedartrait.us,DIGITARIA COGNATA,1,2,2,0,0,-2,-2
1663,cedartrait.us,KOELERIA MICRATHERA,1,5,5,8,4,3,-1
1667,cedartrait.us,LESPEDEZA CAPITATA,1,14,2.333333333,11,2.75,-3,0.416666667
1671,cedartrait.us,LIATRIS ASPERA,1,59,8.428571429,59,11.8,0,3.371428571
1679,cedartrait.us,MONARDA FISTULOSA,1,2,2,8,8,6,6
1683,cedartrait.us,PANICUM OLIGOSANTHES,1,0,0,2,2,2,2
1686,cedartrait.us,PANICUM VIRGATUM,1,1,1,4,4,3,3
1689,cedartrait.us,PETALOSTEMON CANDIDUS,1,1,1,1,1,0,0
1693,cedartrait.us,PETALOSTEMON PURPUREUS,1,52,5.777777778,17,5.666666667,-35,-0.111111111
1698,cedartrait.us,POA PRATENSIS,1,33,4.125,13,2.6,-20,-1.525
1702,cedartrait.us,ROSA ARKANSANA,1,12,12,15,15,3,3
1706,cedartrait.us,SCHIZACHYRIUM SCOPARIUM,1,91,10.11111111,18,6,-73,-4.111111111
1710,cedartrait.us,SOLIDAGO NEMORALIS,1,60,10,21,7,-39,-3
1714,cedartrait.us,SOLIDAGO RIGIDA,1,40,20,18,9,-22,-11
1718,cedartrait.us,SORGHASTRUM NUTANS,1,15,15,2,2,-13,-13
1722,cedartrait.us,TARAXACUM CAMPYLODES,1,0,0,5,5,5,5
1724,cerrillos.ar,ALLIONIA INCARNATA,1,1.88,0.94,1.25,1.25,-0.63,0.31
1728,cerrillos.ar,ARISTIDA MENDOCINA,1,35.01,11.67,58.13,19.37666667,23.12,7.706666667
1733,cerrillos.ar,BOERHAVIA DIFFUSA,1,0,0,0.63,0.63,0.63,0.63
1737,cerrillos.ar,BOUTELOUA ARISTIDOIDES,1,25.63,12.815,73.13,36.565,47.5,23.75
1741,cerrillos.ar,BRACHIARIA PAUCISPICATA,1,0.63,0.63,0,0,-0.63,-0.63
1744,cerrillos.ar,CENCHRUS CILIARIS,1,0,0,1.25,1.25,1.25,1.25
1750,cerrillos.ar,CORDOBIA ARGENTEA,1,49.39,16.46333333,26.26,8.753333333,-23.13,-7.71
1754,cerrillos.ar,COTTEA PAPPOPHOROIDES,1,24.38,8.126666667,1.25,1.25,-23.13,-6.876666667
1758,cerrillos.ar,DIGITARIA CALIFORNICA,1,0.63,0.63,0,0,-0.63,-0.63
1760,cerrillos.ar,ERAGROSTIS ORTHOCLADA,1,4.38,4.38,0.63,0.63,-3.75,-3.75
1762,cerrillos.ar,EUPHORBIA EICHLERI,1,0,0,3.75,1.875,3.75,1.875
1768,cerrillos.ar,GAYA PARVIFLORA,1,5.01,2.505,1.88,1.88,-3.13,-0.625
1772,cerrillos.ar,GOUINIA PARAGUAYENSIS,1,5.63,2.815,7.5,7.5,1.87,4.685
1776,cerrillos.ar,LARREA DIVARICATA,1,96.88,32.29333333,58.51,19.50333333,-38.37,-12.79
1780,cerrillos.ar,LEPTOCHLOA DUBIA,1,3.75,3.75,0,0,-3.75,-3.75
1785,cerrillos.ar,PAPPOPHORUM KRAPOVICKASII,1,2.51,0.836666667,52.51,17.50333333,50,16.66666667
1793,cerrillos.ar,PROSOPIS PUGIONATA,1,10,10,0,0,-10,-10
1797,cerrillos.ar,PROSOPIS TORQUATA,1,3.75,3.75,0,0,-3.75,-3.75
1803,cerrillos.ar,RHYNCHOSIDA PHYSOCALYX,1,0,0,1.25,1.25,1.25,1.25
1807,cerrillos.ar,SETARIA PAMPEANA,1,60.01,20.00333333,7.5,3.75,-52.51,-16.25333333
1811,cerrillos.ar,SIDA ARGENTINA,1,11.88,3.96,6.26,2.086666667,-5.62,-1.873333333
1815,cerrillos.ar,TRAGIA HIERONYMI,1,0.63,0.63,0,0,-0.63,-0.63
1816,cerrillos.ar,XEROALOYSIA OVATIFOLIA,1,2.51,1.255,0,0,-2.51,-1.255
1820,chacra.ar,BACCHARIS GILLIESII,1,0,0,5,5,5,5
1835,chacra.ar,NASSELLA LONGIGLUMIS,1,50,50,110,36.66666667,60,-13.33333333
1839,chacra.ar,NASSELLA TENUIS,1,1,1,7,3.5,6,2.5
1843,chacra.ar,NOTICASTRUM SERICEUM,1,0,0,0.5,0.5,0.5,0.5
1846,chacra.ar,PAPPOPHORUM MUCRONULATUM,1,0,0,26,13,26,13
1851,chacra.ar,POA LIGULARIS,1,5,5,1,1,-4,-4
1855,chacra.ar,SCHINUS JOHNSTONII,1,1,1,0,0,-1,-1
1892,charleville.au,EREMOPHILA GILESII,1,135,45,140,46.66666667,5,1.666666667
1894,chilcasdrt.ar,ACMELLA DECUMBENS,1,0.25,0.25,0.5,0.25,0.25,0
1899,chilcasdrt.ar,ALLIUM NEAPOLITANUM,1,0.25,0.25,0.5,0.25,0.25,0
1902,chilcasdrt.ar,AMBROSIA TENUIFOLIA,1,10.5,2.1,17.75,2.958333333,7.25,0.858333333
1908,chilcasdrt.ar,ASTER SQUAMATUS,1,0,0,0.25,0.25,0.25,0.25
1910,chilcasdrt.ar,BACCHARIS PINGRAEA,1,5,2.5,5,5,0,2.5
1915,chilcasdrt.ar,BRIZA SUBARISTATA,1,0,0,5,5,5,5
1917,chilcasdrt.ar,CAREX BONARIENSIS,1,3,1,0,0,-3,-1
1921,chilcasdrt.ar,CAREX PHALAROIDES,1,7.5,2.5,0.5,0.25,-7,-2.25
1925,chilcasdrt.ar,CIRSIUM VULGARE,1,2,1,0,0,-2,-1
1929,chilcasdrt.ar,CYPELLA HERBERTII,1,0,0,0.25,0.25,0.25,0.25
1933,chilcasdrt.ar,CYPERUS ERAGROSTIS,1,1,1,0.25,0.25,-0.75,-0.75
1935,chilcasdrt.ar,DANTHONIA MONTEVIDENSIS,1,1,1,0,0,-1,-1
1938,chilcasdrt.ar,ELEOCHARIS VIRIDANS,1,4.5,1.5,0,0,-4.5,-1.5
1942,chilcasdrt.ar,ERIGERON BONARIENSIS,1,5,5,1,1,-4,-4
1946,chilcasdrt.ar,FESTUCA ARUNDINACEA,1,385,64.16666667,400,66.66666667,15,2.5
1953,chilcasdrt.ar,HYDROCOTYLE BONARIENSIS,1,5.5,1.375,0,0,-5.5,-1.375
1956,chilcasdrt.ar,JAEGERIA HIRTA,1,0,0,0.25,0.25,0.25,0.25
1958,chilcasdrt.ar,LEERSIA HEXANDRA,1,4,1,2.5,0.625,-1.5,-0.375
1963,chilcasdrt.ar,LOTUS GLABER,1,7.75,2.583333333,6,3,-1.75,0.416666667
1967,chilcasdrt.ar,LYTHRUM HYSSOPIFOLIA,1,0.25,0.25,0,0,-0.25,-0.25
1971,chilcasdrt.ar,PANICUM BERGII,1,2.75,1.375,0.25,0.25,-2.5,-1.125
1974,chilcasdrt.ar,PANICUM GOUINII,1,6.25,1.5625,0,0,-6.25,-1.5625
1975,chilcasdrt.ar,PANICUM SABULORUM,1,4.5,1.5,0,0,-4.5,-1.5
1978,chilcasdrt.ar,PASPALIDIUM PALUDIVAGUM,1,18.75,3.75,20,10,1.25,6.25
1981,chilcasdrt.ar,PASPALUM DILATATUM,1,63.5,15.875,62.5,15.625,-1,-0.25
1987,chilcasdrt.ar,PASPALUM VAGINATUM,1,0.25,0.25,0.25,0.25,0,0
1990,chilcasdrt.ar,PHYLA CANESCENS,1,0,0,11,5.5,11,5.5
1992,chilcasdrt.ar,PLANTAGO LANCEOLATA,1,2.75,1.375,0,0,-2.75,-1.375
1993,chilcasdrt.ar,POLYPOGON ELONGATUS,1,1.25,0.625,0,0,-1.25,-0.625
1995,chilcasdrt.ar,SETARIA PARVIFLORA,1,2,1,0,0,-2,-1
1997,chilcasdrt.ar,STEINCHISMA HIANS,1,10,5,6,3,-4,-2
2000,chilcasdrt.ar,STENOTAPHRUM SECUNDATUM,1,10.25,5.125,5,5,-5.25,-0.125
2003,ciempoz.es,CENTAUREA HYSSOPIFOLIA,1,0,0,1.5,1.5,1.5,1.5
2005,ciempoz.es,GYPSOPHILA STRUTHIUM,1,18.69,4.6725,40.17,8.034,21.48,3.3615
2009,ciempoz.es,HELIANTHEMUM SQUAMATUM,1,10.81,5.405,4.5425,1.514166667,-6.2675,-3.890833333
2013,ciempoz.es,LEPIDIUM SUBULATUM,1,111.585,15.94071429,90.565,12.93785714,-21.02,-3.002857143
2017,ciempoz.es,THYMUS VULGARIS,1,51.1425,8.52375,47.485,7.914166667,-3.6575,-0.609583333
2021,cmss.us,ACHILLEA MILLEFOLIUM,1,2,2,0,0,-2,-2
2028,cmss.us,ASTRAGALUS MISER,1,19,6.333333333,2,2,-17,-4.333333333
2034,cmss.us,CERASTIUM ARVENSE,1,4,2,10,5,6,3
2038,cmss.us,CHRYSOTHAMNUS VISCIDIFLORUS,1,10,10,0,0,-10,-10
2042,cmss.us,ELYMUS SPICATUS,1,25,12.5,10,10,-15,-2.5
2046,cmss.us,EREMOGONE CONGESTA,1,4,2,5,5,1,3
2052,cmss.us,FESTUCA IDAHOENSIS,1,55,27.5,75,25,20,-2.5
2061,cmss.us,PHLOX MULTIFLORA,1,20,10,40,13.33333333,20,3.333333333
2065,cmss.us,POA CUSICKII,1,10,10,10,10,0,0
2069,cmss.us,PTERYXIA HENDERSONII,1,0,0,25,25,25,25
2073,cmss.us,SEDUM LANCEOLATUM,1,2,2,2,2,0,0
2078,cobar.au,CALOTIS LAPPULACEA,1,4,1.333333333,1,1,-3,-0.333333333
2079,cobar.au,EMEX AUSTRALIS,1,0,0,1,1,1,1
2080,cobar.au,EREMOPHILA DUTTONII,1,2,1,0,0,-2,-1
2084,cobar.au,PTILOTUS ATRIPLICIFOLIUS,1,22,7.333333333,4,1.333333333,-18,-6
2088,cobar.au,SCLEROLAENA DIACANTHA,1,3,1,2,1,-1,0
2090,cobar.au,SIDA PETROPHILA,1,1,1,0,0,-1,-1
2091,cobar.au,STIPA SCABRA,1,7,3.5,12,12,5,8.5
2092,cobar.au,TRIPOGON LOLIIFORMIS,1,3,1.5,1,1,-2,-0.5
2093,cowidrt.ca,ACER MACROPHYLLUM,1,2,2,1,1,-1,-1
2098,cowidrt.ca,ACMISPON PARVIFLORUS,1,1,1,3,1,2,0
2100,cowidrt.ca,AIRA CARYOPHYLLEA,1,3,1,0,0,-3,-1
2104,cowidrt.ca,ALOPECURUS PRATENSIS,1,1,1,0,0,-1,-1
2105,cowidrt.ca,ANTHOXANTHUM ODORATUM,1,10,3.333333333,17,3.4,7,0.066666667
2109,cowidrt.ca,BERBERIS NERVOSA,1,0,0,50,50,50,50
2116,cowidrt.ca,BROMUS STERILIS,1,26,13,10,3.333333333,-16,-9.666666667
2121,cowidrt.ca,CAMASSIA QUAMASH,1,6,3,5,5,-1,2
2128,cowidrt.ca,CAREX INOPS,1,25,6.25,12,3,-13,-3.25
2132,cowidrt.ca,CERASTIUM ARVENSE,1,2,2,3,1.5,1,-0.5
2136,cowidrt.ca,CERASTIUM GLOMERATUM,1,2,1,4,1,2,0
2139,cowidrt.ca,CLAYTONIA PERFOLIATA,1,23,11.5,65,21.66666667,42,10.16666667
2144,cowidrt.ca,CYTISUS SCOPARIUS,1,3,3,0,0,-3,-3
2148,cowidrt.ca,DACTYLIS GLOMERATA,1,27,6.75,17,4.25,-10,-2.5
2152,cowidrt.ca,DELPHINIUM MENZIESII,1,9,4.5,2,2,-7,-2.5
2156,cowidrt.ca,DODECATHEON HENDERSONII,1,7,2.333333333,8,2.666666667,1,0.333333333
2160,cowidrt.ca,ELYMUS GLAUCUS,1,0,0,6,6,6,6
2164,cowidrt.ca,ERYTHRONIUM OREGONUM,1,3,1.5,2,2,-1,0.5
2168,cowidrt.ca,GALIUM APARINE,1,5,1,4,1,-1,0
2172,cowidrt.ca,GERANIUM MOLLE,1,15,3,14,3.5,-1,0.5
2176,cowidrt.ca,LATHYRUS SPHAERICUS,1,2,2,3,1.5,1,-0.5
2181,cowidrt.ca,LOMATIUM NUDICAULE,1,2,2,0,0,-2,-2
2184,cowidrt.ca,LOMATIUM UTRICULATUM,1,19,9.5,9,3,-10,-6.5
2188,cowidrt.ca,MELICA SUBULATA,1,25,8.333333333,35,17.5,10,9.166666667
2199,cowidrt.ca,PLANTAGO LANCEOLATA,1,0,0,2,2,2,2
2201,cowidrt.ca,POA PRATENSIS,1,19,3.8,14,2.8,-5,-1
2206,cowidrt.ca,QUERCUS GARRYANA,1,6,3,8,4,2,1
2210,cowidrt.ca,RANUNCULUS OCCIDENTALIS,1,6,2,2,2,-4,0
2214,cowidrt.ca,SANICULA CRASSICAULIS,1,10,2.5,22,7.333333333,12,4.833333333
2218,cowidrt.ca,SYMPHORICARPOS ALBUS,1,42,10.5,39,7.8,-3,-2.7
2222,cowidrt.ca,TRIFOLIUM DUBIUM,1,3,3,0,0,-3,-3
2225,cowidrt.ca,VALERIANA samolifolia,1,12,4,39,13,27,9
2229,cowidrt.ca,VALERIANELLA LOCUSTA,1,9,1.8,10,2.5,1,0.7
2233,cowidrt.ca,VERONICA ARVENSIS,1,1,1,2,1,1,0
2237,cowidrt.ca,VICIA HIRSUTA,1,9,1.8,9,2.25,0,0.45
2241,cowidrt.ca,VICIA SATIVA,1,5,1,7,1.75,2,0.75
2246,credoj.au,CEPHALIPTERUM DRUMMONDII,1,0.5,0.5,0.5,0.5,0,0
2248,credoj.au,CUCUMIS MYRIOCARPUS,1,0,0,0.5,0.5,0.5,0.5
2251,credoj.au,CUSCUTA PLANIFLORA,1,1.5,0.5,2,0.5,0.5,0
2252,credoj.au,ENNEAPOGON CAERULESCENS,1,42,8.4,22,7.333333333,-20,-1.066666667
2256,credoj.au,ENNEAPOGON POLYPHYLLUS,1,10.5,5.25,0,0,-10.5,-5.25
2261,credoj.au,ERAGROSTIS DIELSII,1,1,1,0,0,-1,-1
2264,credoj.au,ERODIUM AUREUM,1,1,0.5,0,0,-1,-0.5
2265,credoj.au,EUPHORBIA DRUMMONDII,1,0,0,2,0.5,2,0.5
2267,credoj.au,GOODENIA MIMULOIDES,1,2.5,0.5,0,0,-2.5,-0.5
2269,credoj.au,ISOETOPSIS GRAMINIFOLIA,1,1,0.5,0,0,-1,-0.5
2270,credoj.au,MAIREANA CARNOSA,1,24,4.8,7,1.4,-17,-3.4
2274,credoj.au,MAIREANA SEDIFOLIA,1,7.5,1.875,17,3.4,9.5,1.525
2278,credoj.au,MAIREANA TRICHOPTERA,1,0.5,0.5,0.5,0.5,0,0
2281,credoj.au,MEDICAGO MINIMA,1,32,8,0,0,-32,-8
2288,credoj.au,PTILOTUS OBOVATUS,1,9,2.25,3,0.75,-6,-1.5
2292,credoj.au,RYTIDOSPERMA CAESPITOSUM,1,4.5,1.125,7,2.333333333,2.5,1.208333333
2294,credoj.au,SALVIA VERBENACA,1,3,0.6,2.5,0.5,-0.5,-0.1
2298,credoj.au,SCLEROLAENA OBLIQUICUSPIS,1,0.5,0.5,0,0,-0.5,-0.5
2301,credoj.au,SIDA INTRICATA,1,0,0,0.5,0.5,0.5,0.5
2304,credoj.au,SIDA SPODOCHROMA,1,0,0,1.5,0.5,1.5,0.5
2308,credoj.au,STIPA NITIDA,1,0.5,0.5,25.5,8.5,25,8
2314,credoj.au,VITTADINIA EREMAEA,1,70.5,14.1,17.5,3.5,-53,-10.6
2318,credoj.au,VITTADINIA HUMERATA,1,1.5,0.5,5.5,2.75,4,2.25
2319,credom.au,ARISTIDA CONTORTA,1,0,0,0.5,0.5,0.5,0.5
2321,credom.au,CALOTIS HISPIDULA,1,0.5,0.5,0,0,-0.5,-0.5
2323,credom.au,CENTAUREA MELITENSIS,1,0.5,0.5,0,0,-0.5,-0.5
2324,credom.au,CEPHALIPTERUM DRUMMONDII,1,40,20,1,1,-39,-19
2329,credom.au,CUSCUTA PLANIFLORA,1,1,0.5,1,1,0,0.5
2331,credom.au,ENNEAPOGON CAERULESCENS,1,44,11,22.5,7.5,-21.5,-3.5
2335,credom.au,ENNEAPOGON POLYPHYLLUS,1,2,0.666666667,2,1,0,0.333333333
2339,credom.au,ENTEROPOGON RAMOSUS,1,0.5,0.5,0,0,-0.5,-0.5
2341,credom.au,ERAGROSTIS DIELSII,1,2.5,1.25,0.5,0.5,-2,-0.75
2345,credom.au,ERODIUM AUREUM,1,0.5,0.5,0,0,-0.5,-0.5
2346,credom.au,EUPHORBIA DRUMMONDII,1,1,0.5,0.5,0.5,-0.5,0
2349,credom.au,GOODENIA MIMULOIDES,1,0.5,0.5,0.5,0.5,0,0
2352,credom.au,ISOETOPSIS GRAMINIFOLIA,1,0.5,0.5,0.5,0.5,0,0
2353,credom.au,MAIREANA CARNOSA,1,2,0.5,1.5,0.5,-0.5,0
2357,credom.au,MAIREANA SEDIFOLIA,1,20.5,10.25,1,1,-19.5,-9.25
2361,credom.au,MAIREANA TRICHOPTERA,1,0.5,0.5,1,0.5,0.5,0
2364,credom.au,MARSDENIA AUSTRALIS,1,0,0,0.5,0.5,0.5,0.5
2365,credom.au,MEDICAGO MINIMA,1,23,5.75,2,2,-21,-3.75
2369,credom.au,PASPALIDIUM CLEMENTII,1,0.5,0.5,0,0,-0.5,-0.5
2372,credom.au,PTILOTUS HOLOSERICEUS,1,1,0.5,0,0,-1,-0.5
2374,credom.au,PTILOTUS OBOVATUS,1,0.5,0.5,2.5,1.25,2,0.75
2379,credom.au,RYTIDOSPERMA CAESPITOSUM,1,2.5,0.625,1,0.5,-1.5,-0.125
2382,credom.au,SALVIA VERBENACA,1,7,1.4,4,0.8,-3,-0.6
2389,credom.au,SIDA SPODOCHROMA,1,0,0,0.5,0.5,0.5,0.5
2393,credom.au,SONCHUS OLERACEUS,1,1,1,0,0,-1,-1
2396,credom.au,STIPA elegantissima,1,0.5,0.5,0,0,-0.5,-0.5
2399,credom.au,STIPA NITIDA,1,2.5,0.5,16.5,4.125,14,3.625
2403,credom.au,SWAINSONA AFFINIS,1,0.5,0.5,0,0,-0.5,-0.5
2405,credom.au,VITTADINIA EREMAEA,1,2.5,0.5,1.5,0.5,-1,0
2409,credom.au,VITTADINIA HUMERATA,1,0.5,0.5,0,0,-0.5,-0.5
2411,ebro.es,BRACHYPODIUM RETUSUM,1,0.863067333,0.863067333,0,0,-0.863067333,-0.863067333
2415,ebro.es,DACTYLIS GLOMERATA,1,0,0,0.004363334,0.002181667,0.004363334,0.002181667
2419,ebro.es,GENISTA SCORPIUS,1,43.76336066,14.58778689,16.681896,5.560632001,-27.08146466,-9.027154887
2423,ebro.es,GYPSOPHILA STRUTHIUM,1,0,0,5.671460666,2.835730333,5.671460666,2.835730333
2426,ebro.es,HELIANTHEMUM LAVANDULIFOLIUM,1,7.602672,2.534224,8.075002834,2.691667611,0.472330834,0.157443611
2430,ebro.es,HELIANTHEMUM MARIFOLIUM,1,3.280572167,1.093524056,3.557425667,1.185808556,0.2768535,0.0922845
2434,ebro.es,HELIANTHEMUM SQUAMATUM,1,0,0,0.371756,0.371756,0.371756,0.371756
2438,ebro.es,HELICHRYSUM STOECHAS,1,0.056287,0.0281435,0.451605,0.2258025,0.395318,0.197659
2443,ebro.es,HERNIARIA FRUTICOSA,1,2.573494,0.857831333,1.841326667,0.613775556,-0.732167333,-0.244055778
2447,ebro.es,JUNIPERUS PHOENICEA,1,0,0,0.623084,0.623084,0.623084,0.623084
2453,ebro.es,LINUM SUFFRUTICOSUM,1,6.794800834,2.264933611,6.096667501,2.0322225,-0.698133333,-0.232711111
2457,ebro.es,POLYGALA RUPESTRIS,1,0.383100667,0.191550334,1.483533334,0.494511111,1.100432667,0.302960778
2461,ebro.es,ROSMARINUS OFFICINALIS,1,73.49413554,24.49804518,59.27239267,19.75746422,-14.22174287,-4.740580955
2468,ebro.es,TEUCRIUM CAPITATUM,1,3.412924054,1.137641351,0.457277333,0.152425778,-2.955646721,-0.985215574
2472,ebro.es,THYMELAEA TINCTORIA,1,0.401426667,0.401426667,3.45576,3.45576,3.054333333,3.054333333
2476,ebro.es,THYMUS VULGARIS,1,5.665300747,1.888433582,6.026854166,2.008951389,0.361553419,0.120517806
2523,elvadrt.ee,ACHILLEA MILLEFOLIUM,1,6,2,20,6.666666667,14,4.666666667
2529,elvadrt.ee,AGRIMONIA EUPATORIA,1,0,0,1,1,1,1
2535,elvadrt.ee,AGROSTIS STOLONIFERA,1,1,1,2,1,1,0
2540,elvadrt.ee,ANTHOXANTHUM ODORATUM,1,4,1.333333333,3,1.5,-1,0.166666667
2549,elvadrt.ee,ARTEMISIA VULGARIS,1,1,1,0,0,-1,-1
2552,elvadrt.ee,BRIZA MEDIA,1,70,23.33333333,75,25,5,1.666666667
2557,elvadrt.ee,CAMPANULA PATULA,1,0,0,2,1,2,1
2561,elvadrt.ee,CERASTIUM ARVENSE,1,2,1,2,1,0,0
2567,elvadrt.ee,CREPIS TECTORUM,1,0,0,2,2,2,2
2571,elvadrt.ee,DACTYLIS GLOMERATA,1,35,11.66666667,35,11.66666667,0,0
2577,elvadrt.ee,DAUCUS CAROTA,1,1,1,2,1,1,0
2582,elvadrt.ee,EQUISETUM ARVENSE,1,1,1,4,1.333333333,3,0.333333333
2588,elvadrt.ee,FESTUCA PRATENSIS,1,20,6.666666667,22,7.333333333,2,0.666666667
2594,elvadrt.ee,FESTUCA RUBRA,1,9,3,9,3,0,0
2600,elvadrt.ee,FRAGARIA VESCA,1,42,14,37,12.33333333,-5,-1.666666667
2606,elvadrt.ee,HELICTOTRICHON PUBESCENS,1,4,1.333333333,3,1.5,-1,0.166666667
2617,elvadrt.ee,LATHYRUS PRATENSIS,1,20,20,5,5,-15,-15
2623,elvadrt.ee,LEONTODON HISPIDUS,1,19,6.333333333,12,4,-7,-2.333333333
2629,elvadrt.ee,LEUCANTHEMUM VULGARE,1,2,1,0,0,-2,-1
2635,elvadrt.ee,LINUM CATHARTICUM,1,1,1,3,1.5,2,0.5
2641,elvadrt.ee,LUZULA MULTIFLORA,1,6,2,9,3,3,1
2647,elvadrt.ee,MEDICAGO LUPULINA,1,22,7.333333333,9,3,-13,-4.333333333
2655,elvadrt.ee,POA ANGUSTIFOLIA,1,3,1,3,1.5,0,0.5
2661,elvadrt.ee,POTENTILLA ANSERINA,1,2,1,3,1,1,0
2667,elvadrt.ee,RANUNCULUS ACRIS,1,6,2,6,2,0,0
2673,elvadrt.ee,RUMEX ACETOSA,1,3,1,1,1,-2,0
2679,elvadrt.ee,SCORZONEROIDES AUTUMNALIS,1,3,1.5,0,0,-3,-1.5
2685,elvadrt.ee,SILENE NUTANS,1,1,1,0,0,-1,-1
2687,elvadrt.ee,STELLARIA GRAMINEA,1,2,1,3,1,1,0
2693,elvadrt.ee,TRIFOLIUM PRATENSE,1,2,2,0,0,-2,-2
2699,elvadrt.ee,TRIFOLIUM REPENS,1,2,1,2,2,0,1
2705,elvadrt.ee,VERONICA CHAMAEDRYS,1,3,1,3,1.5,0,0.5
2711,elvadrt.ee,VICIA CRACCA,1,13,4.333333333,4,1.333333333,-9,-3
2717,elvadrt.ee,VICIA SEPIUM,1,7,2.333333333,5,1.666666667,-2,-0.666666667
2725,esw.ca,CIRSIUM ARVENSE,1,2,1,3,1.5,1,0.5
2730,esw.ca,CIRSIUM VULGARE,1,0,0,2,2,2,2
2732,esw.ca,DAUCUS CAROTA,1,0,0,2,1,2,1
2737,esw.ca,ELYMUS REPENS,1,1,1,1,1,0,0
2741,esw.ca,ERIGERON ANNUUS,1,3,1,3,1,0,0
2748,esw.ca,GEUM CANADENSE,1,1,1,1,1,0,0
2753,esw.ca,HOLOSTEUM UMBELLATUM,1,1,1,1,1,0,0
2759,esw.ca,MEDICAGO LUPULINA,1,2,2,3,1.5,1,-0.5
2763,esw.ca,POA COMPRESSA,1,11,5.5,6,3,-5,-2.5
2768,esw.ca,SOLIDAGO CANADENSIS,1,150,50,81,27,-69,-23
2773,esw.ca,SONCHUS ARVENSIS,1,6,3,2,2,-4,-1
2777,esw.ca,SYMPHYOTRICHUM ERICOIDES,1,2,1,0,0,-2,-1
2782,esw.ca,SYMPHYOTRICHUM LANCEOLATUM,1,6,3,1,1,-5,-2
2787,esw.ca,SYMPHYOTRICHUM NOVAE-ANGLIAE,1,1,1,1,1,0,0
2795,esw.ca,TARAXACUM TARAXACUM,1,3,1,13,4.333333333,10,3.333333333
2800,esw.ca,TRIFOLIUM PRATENSE,1,6,3,37,12.33333333,31,9.333333333
2807,esw.ca,VITIS VULPINA,1,0,0,7,7,7,7
2812,ethadb.au,ARISTIDA HOLATHERA,1,29,14.5,3,3,-26,-11.5
2816,ethadb.au,CALANDRINIA BALONENSIS,1,25.5,8.5,0,0,-25.5,-8.5
2819,ethadb.au,ERIACHNE ARISTIDEA,1,4,4,2,2,-2,-2
2823,ethadb.au,GOODENIA CYCLOPTERA,1,0,0,0.5,0.5,0.5,0.5
2825,ethadb.au,OLDENLANDIA PTEROSPORA,1,0,0,8.5,4.25,8.5,4.25
2830,ethadb.au,PTILOTUS POLYSTACHYUS,1,0,0,42,21,42,21
2836,ethadb.au,TRACHYMENE GLAUCIFOLIA,1,1.5,0.75,1,1,-0.5,0.25
2839,ethadb.au,TRIODIA BASEDOWII,1,108,36,63,31.5,-45,-4.5
2843,ethadb.au,YAKIRRA AUSTRALIENSIS,1,4,4,1,1,-3,-3
2846,ethadn.au,ARISTIDA HOLATHERA,1,0,0,2.5,2.5,2.5,2.5
2850,ethadn.au,CALANDRINIA BALONENSIS,1,16.5,5.5,0.2,0.2,-16.3,-5.3
2857,ethadn.au,TRACHYMENE GLAUCIFOLIA,1,0.2,0.2,0,0,-0.2,-0.2
2861,ethadn.au,TRIODIA BASEDOWII,1,148,49.33333333,148,49.33333333,0,0
2866,falls.au,AGROSTIS VENUSTA,1,0.5,0.5,0,0,-0.5,-0.5
2867,falls.au,ASPERULA GUNNII,1,1,0.5,0,0,-1,-0.5
2869,falls.au,ASTEROLASIA TRYMALIOIDES,1,2,0.666666667,1.5,0.75,-0.5,0.083333333
2871,falls.au,BRACHYSCOME DECIPIENS,1,1,0.5,0,0,-1,-0.5
2873,falls.au,CAREX BREVICULMIS,1,2,0.666666667,1.5,0.75,-0.5,0.083333333
2875,falls.au,CAREX HEBES,1,3,0.6,1.5,0.5,-1.5,-0.1
2877,falls.au,CELMISIA COSTINIANA,1,260,43.33333333,145,48.33333333,-115,5
2879,falls.au,CHAEROPHYLLUM ERIOPODUM,1,1.5,0.5,0,0,-1.5,-0.5
2881,falls.au,CRASPEDIA AURANTIA,1,4,4,0,0,-4,-4
2883,falls.au,ERIGERON BELLIDIOIDES,1,0.5,0.5,1,1,0.5,0.5
2885,falls.au,GREVILLEA AUSTRALIS,1,1,1,1,1,0,0
2887,falls.au,HYPOCHAERIS RADICATA,1,4.5,0.9,2.5,0.833333333,-2,-0.066666667
2889,falls.au,MELICYTUS DENTATUS,1,1.5,0.5,0,0,-1.5,-0.5
2891,falls.au,MICROSERIS LANCEOLATA,1,0,0,1,1,1,1
2893,falls.au,PHEBALIUM SQUAMULOSUM,1,4,1.333333333,1,1,-3,-0.333333333
2895,falls.au,PIMELEA ALPINA,1,5.5,1.833333333,3.5,1.166666667,-2,-0.666666667
2897,falls.au,PLANTAGO EURYPHYLLA,1,2,1,1,1,-1,0
2899,falls.au,POA HIEMATA,1,275,45.83333333,125,41.66666667,-150,-4.166666667
2901,falls.au,POA HOTHAMENSIS,1,1,0.5,0,0,-1,-0.5
2903,falls.au,RANUNCULUS VICTORIENSIS,1,1,0.5,0,0,-1,-0.5
2905,falls.au,RUMEX ACETOSELLA,1,5,0.833333333,1.5,0.75,-3.5,-0.083333333
2907,falls.au,RYTIDOSPERMA NUDIFLORUM,1,1,1,0,0,-1,-1
2909,falls.au,TRACHYMENE HUMILIS,1,7,7,0,0,-7,-7
2911,falls.au,TRISETUM SPICATUM,1,1,0.5,1,1,0,0.5
2913,falls.au,VIOLA BETONICIFOLIA,1,1,0.5,1.5,0.5,0.5,0
2915,gmgranite.us,ACMISPON STRIGOSUS,1,0,0,0.5,0.5,0.5,0.5
2916,gmgranite.us,AMSINCKIA TESSELLATA,1,1.5,0.75,2,1,0.5,0.25
2918,gmgranite.us,BROMUS RUBENS,1,2.5,0.5,0.5,0.5,-2,0
2921,gmgranite.us,CHAENACTIS STEVIOIDES,1,2,0.5,0,0,-2,-0.5
2922,gmgranite.us,CRYPTANTHA CIRCUMSCISSA,1,5,0.833333333,2.5,0.625,-2.5,-0.208333333
2925,gmgranite.us,CRYPTANTHA PTEROCARYA,1,0.5,0.5,1,0.5,0.5,0
2927,gmgranite.us,DESCURAINIA PINNATA,1,1.5,0.5,0.5,0.5,-1,0
2929,gmgranite.us,ERIOGONUM MACULATUM,1,1,0.5,0.5,0.5,-0.5,0
2932,gmgranite.us,ERIOGONUM PUSILLUM,1,1,0.5,0,0,-1,-0.5
2933,gmgranite.us,ERIOPHYLLUM WALLACEI,1,2.5,0.5,1,0.5,-1.5,0
2934,gmgranite.us,ERODIUM CICUTARIUM,1,15,2.142857143,47,6.714285714,32,4.571428571
2937,gmgranite.us,LUPINUS CONCINNUS,1,0.5,0.5,0,0,-0.5,-0.5
2938,gmgranite.us,PECTOCARYA HETEROCARPA,1,21.5,3.071428571,14,2.8,-7.5,-0.271428571
2940,gmgranite.us,PECTOCARYA PLATYCARPA,1,0,0,0.5,0.5,0.5,0.5
2941,gmgranite.us,PECTOCARYA RECURVATA,1,0,0,3,1.5,3,1.5
2942,gmgranite.us,PLAGIOBOTHRYS ARIZONICUS,1,2.5,0.625,0.5,0.5,-2,-0.125
2943,gmgranite.us,SCHISMUS BARBATUS,1,22,3.142857143,26,3.714285714,4,0.571428571
2946,gmgranite.us,TROPIDOCARPUM GRACILE,1,0.5,0.5,0,0,-0.5,-0.5
2947,gmmolar.us,AMSINCKIA TESSELLATA,1,3,1,1.5,0.75,-1.5,-0.25
2949,gmmolar.us,BROMUS RUBENS,1,9,1.285714286,10,1.428571429,1,0.142857143
2952,gmmolar.us,CAMISSONIA PALMERI,1,0.5,0.5,1,0.5,0.5,0
2953,gmmolar.us,CENTROSTEGIA THURBERI,1,0.5,0.5,1,0.5,0.5,0
2954,gmmolar.us,CHAENACTIS STEVIOIDES,1,2.5,0.5,2.5,0.625,0,0.125
2955,gmmolar.us,CRYPTANTHA CIRCUMSCISSA,1,3.5,0.5,3.5,0.7,0,0.2
2958,gmmolar.us,CRYPTANTHA PTEROCARYA,1,2.5,0.5,3,0.6,0.5,0.1
2960,gmmolar.us,DICHELOSTEMMA CAPITATUM,1,2.5,0.5,2,0.5,-0.5,0
2963,gmmolar.us,ERIOGONUM MACULATUM,1,1,0.5,1,1,0,0.5
2966,gmmolar.us,ERIOGONUM PUSILLUM,1,0,0,2,0.5,2,0.5
2968,gmmolar.us,ERIOPHYLLUM WALLACEI,1,13,1.857142857,4,0.571428571,-9,-1.285714286
2970,gmmolar.us,ERODIUM CICUTARIUM,1,13.5,1.928571429,27.5,3.928571429,14,2
2973,gmmolar.us,EUPHORBIA ALBOMARGINATA,1,0,0,0.5,0.5,0.5,0.5
2975,gmmolar.us,LUPINUS CONCINNUS,1,0,0,0.5,0.5,0.5,0.5
2976,gmmolar.us,MALACOTHRIX GLABRATA,1,0,0,0.5,0.5,0.5,0.5
2977,gmmolar.us,MENTZELIA ASPERA,1,0,0,1,1,1,1
2978,gmmolar.us,PECTOCARYA HETEROCARPA,1,6.5,1.083333333,10.5,1.75,4,0.666666667
2979,gmmolar.us,PECTOCARYA PLATYCARPA,1,1,0.5,1.5,0.5,0.5,0
2980,gmmolar.us,PECTOCARYA RECURVATA,1,1,0.5,2,1,1,0.5
2982,gmmolar.us,PECTOCARYA SETOSA,1,1,0.5,0,0,-1,-0.5
2983,gmmolar.us,PLAGIOBOTHRYS ARIZONICUS,1,1.5,0.75,2.5,0.833333333,1,0.083333333
2984,gmmolar.us,SCHISMUS BARBATUS,1,1,1,0,0,-1,-1
2986,gmmolar.us,TOXICOSCORDION BREVIBRACTEATUM,1,0,0,0.5,0.5,0.5,0.5
2987,guaribas.br,ARISTIDA SETIFOLIA,1,0.5,0.5,0,0,-0.5,-0.5
2990,guaribas.br,AXONOPUS AUREUS,1,0.5,0.5,0,0,-0.5,-0.5
2997,guaribas.br,CHAMAECRISTA RAMOSA,1,0.5,0.5,0,0,-0.5,-0.5
3002,guaribas.br,CUPHEA FLAVA,1,0.5,0.5,0,0,-0.5,-0.5
3005,guaribas.br,DIODELLA APICULATA,1,0.5,0.5,0,0,-0.5,-0.5
3008,guaribas.br,LAGENOCARPUS GUIANENSIS,1,0,0,0.5,0.5,0.5,0.5
3013,guaribas.br,MICROSTACHYS CORNICULATA,1,1,0.5,0,0,-1,-0.5
3016,guaribas.br,PASPALUM GARDNERIANUM,1,0.5,0.5,0.5,0.5,0,0
3017,guaribas.br,PERAMA HIRSUTA,1,0,0,0.5,0.5,0.5,0.5
3020,guaribas.br,POLYGALA LONGICAULIS,1,0.5,0.5,0,0,-0.5,-0.5
3038,hard.us,ACHILLEA MILLEFOLIUM,1,1,1,2,2,1,1
3043,hard.us,ARTEMISIA NOVA,1,10,10,33,16.5,23,6.5
3048,hard.us,ARTEMISIA TRIDENTATA,1,60,20,35,35,-25,15
3053,hard.us,BROMUS TECTORUM,1,2,2,5,5,3,3
3059,hard.us,CHRYSOTHAMNUS VISCIDIFLORUS,1,18,9,38,19,20,10
3064,hard.us,COMANDRA UMBELLATA,1,2,2,0,0,-2,-2
3069,hard.us,DALEA SEARLSIAE,1,2,1,0,0,-2,-1
3073,hard.us,KOELERIA MACRANTHA,1,11,5.5,11,5.5,0,0
3078,hard.us,LINUM PERENNE,1,1,1,0,0,-1,-1
3083,hard.us,LUPINUS ARGENTEUS,1,1,1,0,0,-1,-1
3089,hard.us,ORTHOCARPUS TOLMIEI,1,22,11,14,7,-8,-4
3095,hard.us,PSEUDOROEGNERIA SPICATA,1,18,9,1,1,-17,-8
3100,hard.us,PURSHIA TRIDENTATA,1,0,0,18,18,18,18
3105,hard.us,SYMPHYOTRICHUM ERICOIDES,1,2,2,28,9.333333333,26,7.333333333
3110,hard.us,THLASPI ARVENSE,1,5,1.666666667,9,3,4,1.333333333
3118,hard.us,WYETHIA AMPLEXICAULIS,1,0,0,1,1,1,1
3121,hoide.de,BETULA PENDULA,1,5,5,0,0,-5,-5
3125,hoide.de,CALLUNA VULGARIS,1,224,74.66666667,255,85,31,10.33333333
3129,hoide.de,CAREX ARENARIA,1,8,2.666666667,5,1.666666667,-3,-1
3133,hoide.de,DESCHAMPSIA FLEXUOSA,1,26,8.666666667,11,3.666666667,-15,-5
3137,hoide.de,EMPETRUM NIGRUM,1,10,10,0,0,-10,-10
3141,hoide.de,SALIX REPENS,1,1,1,15,15,14,14
3145,hyide.de,CALLUNA VULGARIS,1,245,81.66666667,197,65.66666667,-48,-16
3149,hyide.de,CAREX ARENARIA,1,6,2,4,1.333333333,-2,-0.666666667
3152,hyide.de,DESCHAMPSIA FLEXUOSA,1,2,1,2,1,0,0
3154,indiana.us,ACER SACCHARUM,1,40,40,28,28,-12,-12
3155,indiana.us,LIRIODENDRON TULIPIFERA,1,17,17,16,16,-1,-1
3156,indiana.us,PRUNUS SEROTINA,1,0,0,3,3,3,3
3157,indiana.us,QUERCUS RUBRA,1,42,42,53,53,11,11
3158,indiana.us,SASSAFRAS ALBIDUM,1,1,1,0,0,-1,-1
3160,jenadrt.de,ACHILLEA MILLEFOLIUM,1,19,19,0,0,-19,-19
3170,jenadrt.de,APHANES ARVENSIS,1,0.5,0.5,0,0,-0.5,-0.5
3176,jenadrt.de,ARENARIA SERPYLLIFOLIA,1,1.5,0.5,1.5,0.5,0,0
3187,jenadrt.de,BELLIS PERENNIS,1,28,9.333333333,15,5,-13,-4.333333333
3193,jenadrt.de,BROMUS HORDEACEUS,1,0,0,0.5,0.5,0.5,0.5
3200,jenadrt.de,CERASTIUM FONTANUM,1,4,1.333333333,1.5,0.5,-2.5,-0.833333333
3206,jenadrt.de,CERASTIUM GLOMERATUM,1,1,0.5,0,0,-1,-0.5
3212,jenadrt.de,CLINOPODIUM VULGARE,1,2.5,1.25,0,0,-2.5,-1.25
3218,jenadrt.de,CONVOLVULUS ARVENSIS,1,23,11.5,2,2,-21,-9.5
3224,jenadrt.de,CREPIS BIENNIS,1,2.5,1.25,4,2,1.5,0.75
3233,jenadrt.de,ELYMUS REPENS,1,3.5,1.75,0.5,0.5,-3,-1.25
3242,jenadrt.de,FALCARIA VULGARIS,1,0,0,4.5,2.25,4.5,2.25
3247,jenadrt.de,FRAGARIA VIRIDIS,1,0,0,0.5,0.5,0.5,0.5
3251,jenadrt.de,GERANIUM DISSECTUM,1,28,9.333333333,6,2,-22,-7.333333333
3257,jenadrt.de,GERANIUM PUSILLUM,1,60,20,37,12.33333333,-23,-7.666666667
3263,jenadrt.de,GLECHOMA HEDERACEA,1,8,8,12,12,4,4
3279,jenadrt.de,LOLIUM PERENNE,1,110,36.66666667,142,47.33333333,32,10.66666667
3285,jenadrt.de,MEDICAGO LUPULINA,1,2,0.666666667,1,0.5,-1,-0.166666667
3296,jenadrt.de,PICRIS HIERACIOIDES,1,9,4.5,6.5,2.166666667,-2.5,-2.333333333
3302,jenadrt.de,POA PRATENSIS,1,45,15,27,9,-18,-6
3308,jenadrt.de,POA TRIVIALIS,1,2.5,1.25,2,2,-0.5,0.75
3314,jenadrt.de,SCORZONEROIDES AUTUMNALIS,1,0.5,0.5,0,0,-0.5,-0.5
3325,jenadrt.de,TARAXACUM CAMPYLODES,1,62,20.66666667,34,11.33333333,-28,-9.333333333
3333,jenadrt.de,TRIFOLIUM DUBIUM,1,15,5,6,2,-9,-3
3339,jenadrt.de,TRIFOLIUM REPENS,1,1,1,0,0,-1,-1
3344,jenadrt.de,VERONICA ARVENSIS,1,1.5,0.5,1.5,0.5,0,0
3356,jilpanger.au,ACAENA ECHINATA,1,26.5,5.3,0.5,0.5,-26,-4.8
3358,jilpanger.au,AIRA ELEGANTISSIMA,1,2.5,0.625,0.5,0.5,-2,-0.125
3360,jilpanger.au,APHELIA PUMILIO,1,0.5,0.5,0,0,-0.5,-0.5
3361,jilpanger.au,ASTROLOMA HUMIFUSUM,1,1.5,0.5,0,0,-1.5,-0.5
3363,jilpanger.au,BLENNOSPORA DRUMMONDII,1,2.5,0.5,1,0.5,-1.5,0
3365,jilpanger.au,BRACHYSCOME PERPUSILLA,1,2.5,0.5,0,0,-2.5,-0.5
3367,jilpanger.au,CALADENIA CARNEA,1,1,0.5,0,0,-1,-0.5
3369,jilpanger.au,CALADENIA TENTACULATA,1,0.5,0.5,0,0,-0.5,-0.5
3371,jilpanger.au,CALYTRIX TETRAGONA,1,1.5,0.75,25.5,8.5,24,7.75
3373,jilpanger.au,Centrolepis ARISTATA,1,2,0.5,1,0.5,-1,0
3374,jilpanger.au,Centrolepis POLYGYNA,1,1,0.5,0,0,-1,-0.5
3376,jilpanger.au,Centrolepis STRIGOSA,1,1.5,0.5,0.5,0.5,-1,0
3378,jilpanger.au,CHAMAESCILLA CORYMBOSA,1,7,1.75,0.5,0.5,-6.5,-1.25
3380,jilpanger.au,CHRYSOCEPHALUM APICULATUM,1,10,10,20,10,10,0
3382,jilpanger.au,DAUCUS GLOCHIDIATUS,1,1,0.5,0,0,-1,-0.5
3384,jilpanger.au,DICHOPOGON STRICTUS,1,3,0.75,2.5,0.833333333,-0.5,0.083333333
3386,jilpanger.au,DISTICHLIS distichophylla,1,0,0,0.5,0.5,0.5,0.5
3388,jilpanger.au,DROSERA ABERRANS,1,1,0.5,0,0,-1,-0.5
3390,jilpanger.au,DROSERA GLANDULIGERA,1,1.5,0.5,0.5,0.5,-1,0
3392,jilpanger.au,DROSERA HOOKERI,1,1,0.5,1,0.5,0,0
3394,jilpanger.au,GNEPHOSIS DRUMMONDII,1,0.5,0.5,0.5,0.5,0,0
3396,jilpanger.au,GOODENIA BLACKIANA,1,1.5,0.75,0,0,-1.5,-0.75
3398,jilpanger.au,HYALOSPERMA DEMISSUM,1,3.5,0.7,0.5,0.5,-3,-0.2
3400,jilpanger.au,HYDROCOTYLE FOVEOLATA,1,2,0.5,0.5,0.5,-1.5,0
3402,jilpanger.au,HYDROCOTYLE SETULOSA,1,0.5,0.5,0,0,-0.5,-0.5
3404,jilpanger.au,HYPOCHAERIS GLABRA,1,2.5,0.5,1.5,0.5,-1,0
3406,jilpanger.au,HYPOLAENA FASTIGIATA,1,0.5,0.5,1,0.5,0.5,0
3408,jilpanger.au,ISOLEPIS MARGINATA,1,1,0.5,0,0,-1,-0.5
3410,jilpanger.au,Lagenophora stipitata,1,0.5,0.5,0,0,-0.5,-0.5
3412,jilpanger.au,LEPIDOSPERMA CARPHOIDES,1,5,5,0.5,0.5,-4.5,-4.5
3414,jilpanger.au,LEPIDOSPERMA CONGESTUM,1,1,0.5,1.5,0.5,0.5,0
3416,jilpanger.au,LEVENHOOKIA DUBIA,1,0.5,0.5,0,0,-0.5,-0.5
3418,jilpanger.au,LOMANDRA JUNCEA,1,0.5,0.5,0,0,-0.5,-0.5
3420,jilpanger.au,LOMANDRA NANA,1,1,0.5,2,0.666666667,1,0.166666667
3422,jilpanger.au,MICROSERIS SCAPIGERA,1,1,0.5,0.5,0.5,-0.5,0
3424,jilpanger.au,MILLOTIA MUELLERI,1,2,0.666666667,1,0.5,-1,-0.166666667
3426,jilpanger.au,MILLOTIA TENUIFOLIA,1,2,0.666666667,0.5,0.5,-1.5,-0.166666667
3428,jilpanger.au,NEURACHNE ALOPECUROIDEA,1,2,0.666666667,20,6.666666667,18,6
3430,jilpanger.au,PELARGONIUM RODNEYANUM,1,1,0.5,1,1,0,0.5
3433,jilpanger.au,PIMELEA HUMILIS,1,5,5,0.5,0.5,-4.5,-4.5
3435,jilpanger.au,QUINETIA URVILLEI,1,2.5,0.5,1,0.5,-1.5,0
3437,jilpanger.au,RANUNCULUS ROBERTSONII,1,0.5,0.5,0.5,0.5,0,0
3438,jilpanger.au,ROMULEA ROSEA,1,0.5,0.5,1,0.5,0.5,0
3440,jilpanger.au,SCHOENUS APOGON,1,2.5,0.625,1,0.5,-1.5,-0.125
3442,jilpanger.au,SILOXERUS MULTIFLORUS,1,6,2,0,0,-6,-2
3443,jilpanger.au,SOLENOGYNE DOMINII,1,0.5,0.5,0,0,-0.5,-0.5
3445,jilpanger.au,STIPA VAGINATA,1,1,0.5,0.5,0.5,-0.5,0
3447,jilpanger.au,THYSANOTUS PATERSONII,1,1,0.5,0.5,0.5,-0.5,0
3449,jilpanger.au,THYSANOTUS TUBEROSUS,1,1.5,0.5,1.5,0.5,0,0
3452,jilpanger.au,VULPIA MYUROS,1,1.5,0.5,1,0.5,-0.5,0
3453,jilpanger.au,WAHLENBERGIA GRACILENTA,1,0.5,0.5,0,0,-0.5,-0.5
3455,jilpanger.au,WAHLENBERGIA STRICTA,1,1.5,0.5,0.5,0.5,-1,0
3457,jilpanger.au,WURMBEA DIOICA,1,0.5,0.5,0,0,-0.5,-0.5
3459,jorndrt.us,BOERHAVIA SPICATA,1,3,1.5,0,0,-3,-1.5
3461,jorndrt.us,CHONDROSUM ERIOPODUM,1,95,31.66666667,82,27.33333333,-13,-4.333333333
3464,jorndrt.us,EUPHORBIA GLYPTOSPERMA,1,1,1,0,0,-1,-1
3467,jorndrt.us,KRAMERIA LANCEOLATA,1,0,0,5.2,2.6,5.2,2.6
3469,jorndrt.us,PANICUM HIRTICAULE,1,0.3,0.3,0,0,-0.3,-0.3
3471,jorndrt.us,PROSOPIS GLANDULOSA,1,22,7.333333333,10,3.333333333,-12,-4
3473,jorndrt.us,SENNA BAUHINIOIDES,1,0.2,0.2,2.5,1.25,2.3,1.05
3476,jorndrt.us,SPOROBOLUS FLEXUOSUS,1,3.3,1.65,12,12,8.7,10.35
3478,jorndrt.us,TIDESTROMIA LANUGINOSA,1,2,2,0.2,0.2,-1.8,-1.8
3480,jrnchi.us,ACOURTIA NANA,1,1.1698078,1.1698078,0.6207045,0.6207045,-0.5491033,-0.5491033
3481,jrnchi.us,ARISTIDA PURPUREA,1,1.0141988,1.0141988,0,0,-1.0141988,-1.0141988
3482,jrnchi.us,CHONDROSUM ERIOPODUM,1,45.0248912,4.50248912,4.6914733,0.781912217,-40.3334179,-3.720576903
3483,jrnchi.us,CROTON POTTSII,1,16.2857684,2.714294733,13.972215,1.746526875,-2.3135534,-0.967767858
3484,jrnchi.us,DESCURAINIA PINNATA,1,6.1500406,1.23000812,0,0,-6.1500406,-1.23000812
3485,jrnchi.us,ERIOGONUM ANNUUM,1,0.4830918,0.4830918,0,0,-0.4830918,-0.4830918
3486,jrnchi.us,GUTIERREZIA SAROTHRAE,1,0,0,2.4305556,2.4305556,2.4305556,2.4305556
3487,jrnchi.us,PHYSALIS HEDERIFOLIA,1,0.8953645,0.44768225,0.0687285,0.0687285,-0.826636,-0.37895375
3488,jrnchi.us,PROSOPIS GLANDULOSA,1,238.7850584,23.87850584,257.6329583,25.76329583,18.8478999,1.88478999
3489,jrnchi.us,SENNA BAUHINIOIDES,1,0,0,0.5442177,0.5442177,0.5442177,0.5442177
3490,jrnchi.us,SETARIA LEUCOPILA,1,0,0,0.8163265,0.8163265,0.8163265,0.8163265
3491,jrnchi.us,SOLANUM ELAEAGNIFOLIUM,1,0.210084,0.210084,0,0,-0.210084,-0.210084
3492,jrnchi.us,ZINNIA GRANDIFLORA,1,0.8403361,0.8403361,0,0,-0.8403361,-0.8403361
3494,kernb.ca,ACHILLEA MILLEFOLIUM,1,4,1.333333333,8,2.666666667,4,1.333333333
3499,kernb.ca,AGROSTIS SCABRA,1,9,3,4,1.333333333,-5,-1.666666667
3502,kernb.ca,ANDROSACE SEPTENTRIONALIS,1,0.5,0.5,0.5,0.5,0,0
3505,kernb.ca,ANEMONE PATENS,1,1.5,0.75,0,0,-1.5,-0.75
3510,kernb.ca,ARTEMISIA ABSINTHIUM,1,6,3,0,0,-6,-3
3515,kernb.ca,ARTEMISIA FRIGIDA,1,96,32,20,6.666666667,-76,-25.33333333
3520,kernb.ca,ARTEMISIA LUDOVICIANA,1,2,1,9,3,7,2
3525,kernb.ca,ASTRAGALUS FLEXUOSUS,1,0,0,4,4,4,4
3530,kernb.ca,CAMPANULA ROTUNDIFOLIA,1,0,0,0.5,0.5,0.5,0.5
3535,kernb.ca,CERASTIUM ARVENSE,1,5,2.5,2.5,1.25,-2.5,-1.25
3543,kernb.ca,ELYMUS TRACHYCAULUS,1,1,0.5,21,7,20,6.5
3547,kernb.ca,FESTUCA ALTAICA,1,27,9,67,22.33333333,40,13.33333333
3552,kernb.ca,GALIUM BOREALE,1,8,8,0.5,0.5,-7.5,-7.5
3557,kernb.ca,HELICTOTRICHON HOOKERI,1,4,4,0,0,-4,-4
3563,kernb.ca,LACTUCA TATARICA,1,4,2,2.5,1.25,-1.5,-0.75
3568,kernb.ca,MUHLENBERGIA RICHARDSONIS,1,3,3,0,0,-3,-3
3576,kernb.ca,POA PRATENSIS,1,68,22.66666667,55,18.33333333,-13,-4.333333333
3581,kernb.ca,ROSA ARKANSANA,1,1,1,17,5.666666667,16,4.666666667
3586,kernb.ca,SOLIDAGO CANADENSIS,1,0.5,0.5,0,0,-0.5,-0.5
3591,kernb.ca,SOLIDAGO MISSOURIENSIS,1,1.5,0.75,1,1,-0.5,0.25
3596,kernb.ca,SONCHUS ARVENSIS,1,3,1,2.5,1.25,-0.5,0.25
3600,kernb.ca,STIPA CURTISETA,1,7,2.333333333,1,1,-6,-1.333333333
3605,kernb.ca,SYMPHYOTRICHUM ERICOIDES,1,5,5,4,2,-1,-3
3610,kernb.ca,TARAXACUM TARAXACUM,1,2.5,0.833333333,1.5,0.5,-1,-0.333333333
3615,kernb.ca,VICIA AMERICANA,1,0.5,0.5,1,1,0.5,0.5
3620,kernnu.ca,ACHILLEA MILLEFOLIUM,1,0.5,0.5,0,0,-0.5,-0.5
3625,kernnu.ca,AGOSERIS GLAUCA,1,1,1,0,0,-1,-1
3631,kernnu.ca,ARTEMISIA FRIGIDA,1,4,2,0,0,-4,-2
3636,kernnu.ca,ARTEMISIA LUDOVICIANA,1,1.5,0.75,6,3,4.5,2.25
3641,kernnu.ca,ASTRAGALUS FLEXUOSUS,1,0,0,2.5,0.833333333,2.5,0.833333333
3646,kernnu.ca,CAMPANULA ROTUNDIFOLIA,1,0.5,0.5,1,0.5,0.5,0
3653,kernnu.ca,CERASTIUM ARVENSE,1,0.5,0.5,1.5,0.75,1,0.25
3658,kernnu.ca,CIRSIUM ARVENSE,1,8,2.666666667,1.5,0.75,-6.5,-1.916666667
3662,kernnu.ca,ELYMUS TRACHYCAULUS,1,6.5,3.25,5.5,1.833333333,-1,-1.416666667
3666,kernnu.ca,FESTUCA ALTAICA,1,145,48.33333333,85,28.33333333,-60,-20
3671,kernnu.ca,GALIUM BOREALE,1,2,1,8,8,6,7
3680,kernnu.ca,LACTUCA TATARICA,1,1.5,0.75,0,0,-1.5,-0.75
3684,kernnu.ca,NASSELLA VIRIDULA,1,2,2,1,1,-1,-1
3686,kernnu.ca,PASCOPYRUM SMITHII,1,1,1,0,0,-1,-1
3691,kernnu.ca,POA PRATENSIS,1,10,10,5,5,-5,-5
3696,kernnu.ca,ROSA ARKANSANA,1,1,1,18.5,9.25,17.5,8.25
3700,kernnu.ca,SOLIDAGO MISSOURIENSIS,1,0.5,0.5,0,0,-0.5,-0.5
3702,kernnu.ca,SONCHUS ARVENSIS,1,28,14,21.5,7.166666667,-6.5,-6.833333333
3707,kernnu.ca,STIPA CURTISETA,1,3,1,12,6,9,5
3712,kernnu.ca,SYMPHYOTRICHUM ERICOIDES,1,2,2,0,0,-2,-2
3717,kernnu.ca,TARAXACUM TARAXACUM,1,2,1,3.5,1.166666667,1.5,0.166666667
3722,kernnu.ca,TRAGOPOGON DUBIUS,1,0,0,1,1,1,1
3724,kernnu.ca,VICIA AMERICANA,1,2,0.666666667,1,1,-1,0.333333333
3729,kinsella.ca,ACHILLEA MILLEFOLIUM,1,5,5,30,15,25,10
3734,kinsella.ca,ANEMONE PATENS,1,3,3,45,22.5,42,19.5
3739,kinsella.ca,ARTEMISIA FRIGIDA,1,5,5,58,14.5,53,9.5
3744,kinsella.ca,ASTRAGALUS AGRESTIS,1,13,6.5,6,3,-7,-3.5
3748,kinsella.ca,AXYRIS AMARANTHOIDES,1,0,0,4,4,4,4
3752,kinsella.ca,ELYMUS LANCEOLATUS,1,0,0,1,1,1,1
3756,kinsella.ca,ELYMUS TRACHYCAULUS,1,60,20,0,0,-60,-20
3761,kinsella.ca,FESTUCA HALLII,1,25,12.5,40,13.33333333,15,0.833333333
3766,kinsella.ca,GEUM TRIFLORUM,1,20,20,0,0,-20,-20
3773,kinsella.ca,PASCOPYRUM SMITHII,1,105,21,105,21,0,0
3778,kinsella.ca,POA PRATENSIS,1,315,63,260,52,-55,-11
3782,kinsella.ca,SISYRINCHIUM MONTANUM,1,0,0,2,2,2,2
3784,kinsella.ca,SOLIDAGO MISSOURIENSIS,1,10,10,10,5,0,-5
3789,kinsella.ca,STIPA COMATA,1,30,15,23,5.75,-7,-9.25
3792,kinsella.ca,STIPA CURTISETA,1,5,5,3,3,-2,-2
3797,kinsella.ca,SYMPHYOTRICHUM FALCATUM,1,13,4.333333333,40,13.33333333,27,9
3804,kinsella.ca,VICIA AMERICANA,1,49,9.8,28,5.6,-21,-4.2
3810,kiskun.hu,ARENARIA SERPYLLIFOLIA,1,0.02,0.01,0.02,0.01,0,0
3812,kiskun.hu,ARTEMISIA CAMPESTRIS,1,21,7,6,3,-15,-4
3814,kiskun.hu,BASSIA LANIFLORA,1,0.5,0.125,0.23,0.0575,-0.27,-0.0675
3816,kiskun.hu,BUGLOSSOIDES ARVENSIS,1,0,0,0.01,0.01,0.01,0.01
3818,kiskun.hu,CAREX LIPAROCARPOS,1,0,0,0.5,0.5,0.5,0.5
3820,kiskun.hu,CENTAUREA ARENARIA,1,3.2,1.6,0,0,-3.2,-1.6
3822,kiskun.hu,CREPIS FOETIDA,1,0.01,0.01,0,0,-0.01,-0.01
3824,kiskun.hu,DIANTHUS SEROTINUS,1,8,8,7,3.5,-1,-4.5
3826,kiskun.hu,EUPHORBIA SEGUIERIANA,1,4.8,1.2,12,3,7.2,1.8
3828,kiskun.hu,FESTUCA VAGINATA,1,87,17.4,88,17.6,1,0.2
3830,kiskun.hu,FUMANA PROCUMBENS,1,20.5,6.833333333,6.5,3.25,-14,-3.583333333
3831,kiskun.hu,GYPSOPHILA PANICULATA,1,0,0,7,7,7,7
3833,kiskun.hu,HOLOSTEUM UMBELLATUM,1,3.51,0.702,0.12,0.04,-3.39,-0.662
3836,kiskun.hu,MEDICAGO MINIMA,1,0.1,0.1,0.01,0.01,-0.09,-0.09
3838,kiskun.hu,MINUARTIA GLOMERATA,1,0.2,0.2,0.21,0.07,0.01,-0.13
3840,kiskun.hu,MYOSOTIS STRICTA,1,0.01,0.01,0,0,-0.01,-0.01
3843,kiskun.hu,POLYGONUM ARENARIUM,1,0.62,0.124,0.14,0.028,-0.48,-0.096
3845,kiskun.hu,SECALE SYLVESTRE,1,0.13,0.0325,0.73,0.146,0.6,0.1135
3848,kiskun.hu,SILENE OTITES,1,0,0,2,1,2,1
3850,kiskun.hu,STIPA PENNATA,1,42,8.4,31,6.2,-11,-2.2
3852,kiskun.hu,SYRENIA CANA,1,0.2,0.1,0.3,0.15,0.1,0.05
3857,konzadrt.us,AMBROSIA PSILOSTACHYA,1,108,21.6,59,11.8,-49,-9.8
3864,konzadrt.us,ANDROPOGON GERARDII,1,250,50,268,53.6,18,3.6
3869,konzadrt.us,ANTENNARIA NEGLECTA,1,4,4,0,0,-4,-4
3874,konzadrt.us,ARTEMISIA LUDOVICIANA,1,2,2,1,1,-1,-1
3881,konzadrt.us,ASCLEPIAS VIRIDIS,1,3.1,1.033333333,6,3,2.9,1.966666667
3887,konzadrt.us,BOUTELOUA CURTIPENDULA,1,2,2,7,3.5,5,1.5
3893,konzadrt.us,BUCHLOE DACTYLOIDES,1,0,0,1,1,1,1
3896,konzadrt.us,CAREX BREVIOR,1,2,2,0.1,0.1,-1.9,-1.9
3900,konzadrt.us,CAREX INOPS,1,13.1,2.62,5.1,1.275,-8,-1.345
3905,konzadrt.us,CAREX MEADII,1,6,3,7,2.333333333,1,-0.666666667
3908,konzadrt.us,CYPERUS LUPULINUS,1,0.1,0.1,0,0,-0.1,-0.1
3911,konzadrt.us,DALEA CANDIDA,1,3,3,0,0,-3,-3
3915,konzadrt.us,DICHANTHELIUM OLIGOSANTHES,1,13,2.6,14,2.8,1,0.2
3922,konzadrt.us,ERIGERON STRIGOSUS,1,1,1,1,1,0,0
3924,konzadrt.us,HELIANTHUS ANNUUS,1,1,1,0,0,-1,-1
3927,konzadrt.us,KOELERIA MACRANTHA,1,30,6,43,8.6,13,2.6
3934,konzadrt.us,MIMOSA NUTTALLII,1,2,2,0,0,-2,-2
3937,konzadrt.us,OXALIS STRICTA,1,2,1,1.2,0.4,-0.8,-0.6
3940,konzadrt.us,PANICUM CAPILLARE,1,18,9,3,1.5,-15,-7.5
3945,konzadrt.us,PSORALIDIUM TENUIFLORUM,1,50.1,10.02,74,14.8,23.9,4.78
3950,konzadrt.us,RUELLIA HUMILIS,1,1,1,4,2,3,1
3956,konzadrt.us,SOLIDAGO CANADENSIS,1,0,0,2,2,2,2
3960,konzadrt.us,SORGHASTRUM NUTANS,1,6,6,33,8.25,27,2.25
3969,konzadrt.us,SYMPHYOTRICHUM ERICOIDES,1,183,36.6,175,35,-8,-1.6
3974,konzadrt.us,SYMPHYOTRICHUM OBLONGIFOLIUM,1,2,2,0,0,-2,-2
3978,konzadrt.us,TRIDENS FLAVUS,1,0,0,1,1,1,1
3982,kranz.de,FAGUS SYLVATICA,1,300,50,300,50,0,0
3988,kranz.de,PICEA ABIES,1,300,50,300,50,0,0
4085,lygraint.no,AGROSTIS CANINA,1,3,1,1,1,-2,0
4088,lygraint.no,AGROSTIS CAPILLARIS,1,1,1,3,1,2,0
4091,lygraint.no,ANTHOXANTHUM ODORATUM,1,1,1,0,0,-1,-1
4094,lygraint.no,CALLUNA VULGARIS,1,252,84,235,78.33333333,-17,-5.666666667
4097,lygraint.no,CAREX BINERVIS,1,1,1,0,0,-1,-1
4098,lygraint.no,CAREX ECHINATA,1,0,0,1,1,1,1
4100,lygraint.no,CAREX NIGRA,1,2,2,0,0,-2,-2
4102,lygraint.no,CAREX PANICEA,1,0,0,6,3,6,3
4105,lygraint.no,CAREX PILULIFERA,1,4,2,5,1.666666667,1,-0.333333333
4108,lygraint.no,CORNUS SUECICA,1,0,0,1,1,1,1
4111,lygraint.no,DACTYLORHIZA MACULATA,1,1,1,0,0,-1,-1
4114,lygraint.no,DANTHONIA DECUMBENS,1,1,1,0,0,-1,-1
4116,lygraint.no,DESCHAMPSIA FLEXUOSA,1,0,0,2,1,2,1
4120,lygraint.no,EMPETRUM NIGRUM,1,6,6,2,2,-4,-4
4123,lygraint.no,ERICA TETRALIX,1,11,5.5,11,5.5,0,0
4126,lygraint.no,FESTUCA VIVIPARA,1,6,3,2,2,-4,-1
4129,lygraint.no,GALIUM SAXATILE,1,3,3,2,1,-1,-2
4132,lygraint.no,HYLOCOMIUM SPLENDENS,1,23,7.666666667,82,27.33333333,59,19.66666667
4135,lygraint.no,HYPNUM JUTLANDICUM,1,136,45.33333333,111,37,-25,-8.333333333
4140,lygraint.no,LOTUS CORNICULATUS,1,2,2,0,0,-2,-2
4145,lygraint.no,LUZULA PILOSA,1,1,1,0,0,-1,-1
4147,lygraint.no,LYSIMACHIA EUROPAEA,1,4,2,2,1,-2,-1
4150,lygraint.no,MOLINIA CAERULEA,1,1,1,6,6,5,5
4153,lygraint.no,PEDICULARIS SYLVATICA,1,0,0,1,1,1,1
4155,lygraint.no,PLAGIOTHECIUM UNDULATUM,1,1,1,0,0,-1,-1
4158,lygraint.no,PLEUROZIUM SCHREBERI,1,74,24.66666667,16,8,-58,-16.66666667
4162,lygraint.no,POLYTRICHUM COMMUNE,1,31,10.33333333,8,2.666666667,-23,-7.666666667
4165,lygraint.no,POTENTILLA ERECTA,1,8,2.666666667,7,2.333333333,-1,-0.333333333
4168,lygraint.no,PSEUDOSCLEROPODIUM PURUM,1,2,2,0,0,-2,-2
4172,lygraint.no,RHYTIDIADELPHUS LOREUS,1,1,1,2,1,1,0
4175,lygraint.no,RHYTIDIADELPHUS SQUARROSUS,1,3,1.5,2,2,-1,0.5
4179,lygraint.no,TRICHOPHORUM CESPITOSUM,1,13,6.5,22,11,9,4.5
4182,lygraint.no,VACCINIUM MYRTILLUS,1,10,5,2,2,-8,-3
4185,lygraint.no,VACCINIUM ULIGINOSUM,1,2,2,1,1,-1,-1
4188,lygraint.no,VACCINIUM VITIS-IDAEA,1,39,13,21,7,-18,-6
4191,lygraold.no,AGROSTIS CANINA,1,0,0,2,2,2,2
4194,lygraold.no,AVENELLA FLEXUOSA,1,3,3,25,25,22,22
4197,lygraold.no,CALLUNA VULGARIS,1,200,66.66666667,250,83.33333333,50,16.66666667
4201,lygraold.no,CAREX ECHINATA,1,0,0,1,1,1,1
4204,lygraold.no,CAREX NIGRA,1,20,6.666666667,22,7.333333333,2,0.666666667
4207,lygraold.no,CAREX PILULIFERA,1,2,1,0,0,-2,-1
4214,lygraold.no,EMPETRUM NIGRUM,1,13,6.5,9,4.5,-4,-2
4217,lygraold.no,ERICA TETRALIX,1,21,10.5,20,10,-1,-0.5
4220,lygraold.no,ERIOPHORUM ANGUSTIFOLIUM,1,2,1,1,1,-1,0
4223,lygraold.no,ERIOPHORUM VAGINATUM,1,0,0,24,12,24,12
4226,lygraold.no,FESTUCA VIVIPARA,1,1,1,0,0,-1,-1
4230,lygraold.no,HYLOCOMIUM SPLENDENS,1,52,17.33333333,80,40,28,22.66666667
4233,lygraold.no,HYPNUM JUTLANDICUM,1,160,53.33333333,135,45,-25,-8.333333333
4236,lygraold.no,JUNCUS SQUARROSUS,1,1,1,0,0,-1,-1
4239,lygraold.no,JUNIPERUS COMMUNIS,1,2,2,0,0,-2,-2
4241,lygraold.no,LEUCOBRYUM GLAUCUM,1,1,1,2,2,1,1
4243,lygraold.no,LUZULA MULTIFLORA,1,2,1,0,0,-2,-1
4246,lygraold.no,MOLINIA CAERULEA,1,8,8,3,1.5,-5,-6.5
4249,lygraold.no,NARTHECIUM OSSIFRAGUM,1,0,0,6,3,6,3
4252,lygraold.no,PLAGIOTHECIUM UNDULATUM,1,7,2.333333333,3,3,-4,0.666666667
4255,lygraold.no,PLEUROZIUM SCHREBERI,1,42,14,7,2.333333333,-35,-11.66666667
4258,lygraold.no,POLYTRICHUM COMMUNE,1,1,1,5,5,4,4
4261,lygraold.no,POTENTILLA ERECTA,1,3,3,3,3,0,0
4264,lygraold.no,PTILIUM CRISTA-CASTRENSIS,1,3,3,0,0,-3,-3
4268,lygraold.no,RHYTIDIADELPHUS LOREUS,1,12,4,3,3,-9,-1
4271,lygraold.no,RHYTIDIADELPHUS SQUARROSUS,1,3,1,2,1,-1,0
4275,lygraold.no,SORBUS AUCUPARIA,1,0,0,2,2,2,2
4278,lygraold.no,TRICHOPHORUM CESPITOSUM,1,25,12.5,25,12.5,0,0
4280,lygraold.no,TRIENTALIS EUROPEA,1,1,1,1,1,0,0
4283,lygraold.no,VACCINIUM MYRTILLUS,1,6,3,15,15,9,12
4286,lygraold.no,VACCINIUM ULIGINOSUM,1,1,1,7,3.5,6,2.5
4289,lygraold.no,VACCINIUM VITIS-IDAEA,1,13,4.333333333,31,10.33333333,18,6
4292,marcdrt.ar,ACMELLA DECUMBENS,1,3,3,2,1,-1,-2
4297,marcdrt.ar,AGROSTIS MONTEVIDENSIS,1,16,8,11,5.5,-5,-2.5
4302,marcdrt.ar,AMBROSIA TENUIFOLIA,1,4,1.333333333,2,1,-2,-0.333333333
4312,marcdrt.ar,BROMUS CATHARTICUS,1,39,9.75,15,15,-24,5.25
4321,marcdrt.ar,CAREX PHALAROIDES,1,2,1,3,1,1,0
4324,marcdrt.ar,CAREX SORORIA,1,2,1,2,1,0,0
4332,marcdrt.ar,CYPERUS REFLEXUS,1,0,0,1,1,1,1
4333,marcdrt.ar,ELEOCHARIS BONARIENSIS,1,0,0,1,1,1,1
4337,marcdrt.ar,ERYNGIUM EBRACTEATUM,1,3,1.5,0,0,-3,-1.5
4341,marcdrt.ar,FESTUCA ARUNDINACEA,1,240,60,285,71.25,45,11.25
4348,marcdrt.ar,HORDEUM PUSILLUM,1,3,1.5,2,1,-1,-0.5
4352,marcdrt.ar,HYDROCOTYLE BONARIENSIS,1,3,1.5,7,2.333333333,4,0.833333333
4358,marcdrt.ar,JUNCUS IMBRICATUS,1,2,1,2,2,0,1
4363,marcdrt.ar,JUNCUS MICROCEPHALUS,1,3,1.5,0,0,-3,-1.5
4367,marcdrt.ar,LATHYRUS CRASSIPES,1,7,7,1,1,-6,-6
4373,marcdrt.ar,MELILOTUS OFFICINALIS,1,0,0,1,1,1,1
4376,marcdrt.ar,PHYLA NODIFLORA,1,0,0,5,5,5,5
4382,marcdrt.ar,PLANTAGO MYOSUROS,1,1,1,0,0,-1,-1
4385,marcdrt.ar,POA LANIGERA,1,20,10,11,2.75,-9,-7.25
4389,marcdrt.ar,SENECIO SELLOI,1,0,0,1,1,1,1
4391,marcdrt.ar,SISYRINCHIUM PLATENSE,1,1,1,0,0,-1,-1
4394,marcdrt.ar,SPARTINA DENSIFLORA,1,60,15,92,23,32,8
4399,marcdrt.ar,STENOTAPHRUM SECUNDATUM,1,6,1.5,4,2,-2,0.5
4406,matador.ca,ACHILLEA MILLEFOLIUM,1,0.5,0.5,1,1,0.5,0.5
4413,matador.ca,ARTEMISIA FRIGIDA,1,4,2,4,1.333333333,0,-0.666666667
4421,matador.ca,CERASTIUM ARVENSE,1,7,3.5,1.5,0.75,-5.5,-2.75
4426,matador.ca,COMANDRA UMBELLATA,1,10.5,5.25,7,3.5,-3.5,-1.75
4430,matador.ca,GAILLARDIA ARISTATA,1,0,0,1,1,1,1
4432,matador.ca,GALIUM BOREALE,1,33,16.5,0,0,-33,-16.5
4439,matador.ca,KOELERIA MACRANTHA,1,5.5,1.833333333,5,2.5,-0.5,0.666666667
4444,matador.ca,KRASCHENINNIKOVIA LANATA,1,16,5.333333333,63,21,47,15.66666667
4449,matador.ca,LINUM RIGIDUM,1,1,1,1,1,0,0
4454,matador.ca,NASSELLA VIRIDULA,1,68,22.66666667,56,18.66666667,-12,-4
4459,matador.ca,PASCOPYRUM SMITHII,1,11,3.666666667,16,5.333333333,5,1.666666667
4465,matador.ca,POA PRATENSIS,1,0,0,0.5,0.5,0.5,0.5
4467,matador.ca,RATIBIDA COLUMNIFERA,1,0,0,0.5,0.5,0.5,0.5
4469,matador.ca,SYMPHYOTRICHUM ERICOIDES,1,1,1,2,1,1,0
4476,matador.ca,TRAGOPOGON DUBIUS,1,2,2,0.5,0.5,-1.5,-1.5
4477,matador.ca,VICIA AMERICANA,1,1,0.5,0.5,0.5,-0.5,0
4482,mattheis.ca,AGROSTIS SCABRA,1,5,5,3,3,-2,-2
4483,mattheis.ca,ANDROSACE SEPTENTRIONALIS,1,1,1,2,1,1,0
4485,mattheis.ca,ARTEMISIA FRIGIDA,1,75,15,88,17.6,13,2.6
4489,mattheis.ca,BOUTELOUA GRACILIS,1,125,25,130,26,5,1
4493,mattheis.ca,GAURA COCCINEA,1,13,4.333333333,7,3.5,-6,-0.833333333
4496,mattheis.ca,HESPEROSTIPA COMATA,1,100,20,105,21,5,1
4499,mattheis.ca,HETEROTHECA VILLOSA,1,0,0,3,3,3,3
4501,mattheis.ca,KOELERIA MACRANTHA,1,95,23.75,50,10,-45,-13.75
4505,mattheis.ca,LITHOSPERMUM INCISUM,1,11,5.5,20,10,9,4.5
4508,mattheis.ca,PASCOPYRUM SMITHII,1,0,0,1,1,1,1
4513,mattheis.ca,SYMPHYOTRICHUM ERICOIDES,1,15,15,0,0,-15,-15
4516,mattheis.ca,TARAXACUM TARAXACUM,1,10,10,14,3.5,4,-6.5
4520,mattheis.ca,TRAGOPOGON DUBIUS,1,19,3.8,1,1,-18,-2.8
4524,milparinka.au,ABUTILON HALOPHILUM,1,25,12.5,3,3,-22,-9.5
4527,milparinka.au,ASTREBLA LAPPACEA,1,63,21,63,21,0,0
4531,milparinka.au,ASTREBLA PECTINATA,1,63,21,63,21,0,0
4536,milparinka.au,ERIOCHLOA PSEUDOACROTRICHA,1,3,1.5,1,1,-2,-0.5
4539,milparinka.au,MAIREANA PYRAMIDATA,1,0,0,15,15,15,15
4545,milparinka.au,SCLEROLAENA DIACANTHA,1,6,3,4,2,-2,-1
4565,naposta.ar,AVENA BARBATA,1,30,15,40,20,10,5
4570,naposta.ar,BACCHARIS ULICINA,1,2,1,2,1,0,0
4574,naposta.ar,BROMUS CATHARTICUS,1,15,15,0,0,-15,-15
4579,naposta.ar,DIPLOTAXIS TENUIFOLIA,1,10,5,16,5.333333333,6,0.333333333
4583,naposta.ar,ERIGERON BLAKEI,1,1,1,20,10,19,9
4586,naposta.ar,LACTUCA SERRIOLA,1,5,5,6,3,1,-2
4590,naposta.ar,NASSELLA NEESIANA,1,150,50,110,36.66666667,-40,-13.33333333
4594,naposta.ar,NASSELLA TRICHOTOMA,1,60,20,50,25,-10,5
4598,naposta.ar,OXALIS CONORRHIZA,1,0,0,1,1,1,1
4600,naposta.ar,PAPPOPHORUM CAESPITOSUM,1,5,5,10,10,5,5
4602,naposta.ar,PAVONIA CYMBALARIA,1,1,1,1,1,0,0
4604,naposta.ar,SOLANUM aethiopicum,1,1,1,1,1,0,0
4615,nnss.us,ACAMPTOPAPPUS SHOCKLEYI,1,1.5120275,1.5120275,1.3774105,1.3774105,-0.134617,-0.134617
4616,nnss.us,AMBROSIA DUMOSA,1,76.0434813,7.60434813,47.1178322,4.71178322,-28.9256491,-2.89256491
4617,nnss.us,AMSINCKIA TESSELLATA,1,25.8048512,2.58048512,4.043637,0.6739395,-21.7612142,-1.90654562
4618,nnss.us,BROMUS RUBENS,1,29.8615225,2.98615225,2.4126596,0.48253192,-27.4488629,-2.50362033
4619,nnss.us,BROMUS TECTORUM,1,43.8977668,4.38977668,6.1766546,0.882379229,-37.7211122,-3.507397451
4620,nnss.us,CHAENACTIS FREMONTII,1,33.9829892,3.775887689,14.8180165,1.48180165,-19.1649727,-2.294086039
4621,nnss.us,CHORIZANTHE BREVICORNU,1,10.8313428,1.08313428,1.2225498,0.30563745,-9.608793,-0.77749683
4622,nnss.us,CHORIZANTHE RIGIDA,1,0.3472222,0.3472222,0.2061856,0.2061856,-0.1410366,-0.1410366
4623,nnss.us,CHYLISMIA CLAVIFORMIS,1,0.2053388,0.2053388,0.2083333,0.2083333,0.0029945,0.0029945
4624,nnss.us,CRYPTANTHA CIRCUMSCISSA,1,10.6477779,1.06477779,0.5477243,0.27386215,-10.1000536,-0.79091564
4625,nnss.us,CRYPTANTHA INTERMEDIA,1,7.5828759,1.083267986,1.0829356,0.5414678,-6.4999403,-0.541800186
4626,nnss.us,DESCURAINIA PINNATA,1,3.8443192,0.640719867,3.034251,0.433464429,-0.8100682,-0.207255438
4627,nnss.us,EPHEDRA NEVADENSIS,1,15.9478755,2.65797925,9.2338649,2.308466225,-6.7140106,-0.349513025
4628,nnss.us,ERIOGONUM ANNUUM,1,1.2703772,0.6351886,0.203252,0.203252,-1.0671252,-0.4319366
4629,nnss.us,ERIOGONUM MACULATUM,1,10.9409177,1.562988243,2.7491116,0.6872779,-8.1918061,-0.875710343
4630,nnss.us,ERIOPHYLLUM PRINGLEI,1,15.7694249,1.57694249,0.6175829,0.154395725,-15.151842,-1.422546765
4631,nnss.us,GRAYIA SPINOSA,1,6.9210625,6.9210625,16.2436106,3.24872212,9.3225481,-3.67234038
4632,nnss.us,LARREA TRIDENTATA,1,135.1947492,13.51947492,105.5421877,10.55421877,-29.6525615,-2.96525615
4633,nnss.us,LINANTHUS JONESII,1,0.6743666,0.6743666,0,0,-0.6743666,-0.6743666
4634,nnss.us,LOESELIASTRUM SCHOTTII,1,2.727118,0.389588286,0.0687285,0.0687285,-2.6583895,-0.320859786
4635,nnss.us,LYCIUM PALLIDUM,1,5.1748451,5.1748451,8.3396542,2.779884733,3.1648091,-2.394960367
4636,nnss.us,MALACOTHRIX GLABRATA,1,9.3243112,1.1655389,14.1346643,1.41346643,4.8103531,0.24792753
4637,nnss.us,MENTZELIA ASPERA,1,15.7005461,2.616757683,1.1026198,0.27565495,-14.5979263,-2.341102733
4638,nnss.us,MONOPTILON BELLIDIFORME,1,0.309341,0.1546705,0.3436426,0.3436426,0.0343016,0.1889721
4639,nnss.us,NAMA ARETIOIDES,1,1.9601812,0.39203624,0,0,-1.9601812,-0.39203624
4640,nnss.us,OXYTHECA PERFOLIATA,1,16.2296506,2.028706325,8.0702849,1.345047483,-8.1593657,-0.683658842
4641,nnss.us,PECTOCARYA RECURVATA,1,0.5472999,0.27364995,0.1355014,0.1355014,-0.4117985,-0.13814855
4642,nnss.us,PRENANTHELLA EXIGUA,1,0.9639069,0.9639069,0.5487245,0.5487245,-0.4151824,-0.4151824
4643,nnss.us,SCHISMUS ARABICUS,1,22.7615137,2.27615137,0.9611776,0.320392533,-21.8003361,-1.955758837
4646,nplatte.us,ALYSSUM DESERTORUM,1,10,2,6,2,-4,0
4650,nplatte.us,ARTEMISIA FRIGIDA,1,30,30,0,0,-30,-30
4654,nplatte.us,ARTEMISIA TRIDENTATA,1,10,10,0,0,-10,-10
4658,nplatte.us,BOUTELOUA GRACILIS,1,53,7.571428571,104,20.8,51,13.22857143
4662,nplatte.us,BROMUS TECTORUM,1,38,6.333333333,99,14.14285714,61,7.80952381
4666,nplatte.us,CAREX FILIFOLIA,1,112,14,145,18.125,33,4.125
4671,nplatte.us,CYMOPTERUS GLOMERATUS,1,2,2,2,2,0,0
4675,nplatte.us,ERIOGONUM EFFUSUM,1,30,30,0,0,-30,-30
4680,nplatte.us,HESPEROSTIPA COMATA,1,10,10,0,0,-10,-10
4685,nplatte.us,OPUNTIA POLYACANTHA,1,0,0,60,30,60,30
4689,nplatte.us,PLANTAGO PATAGONICA,1,8,2,2,2,-6,0
4693,nplatte.us,POA SECUNDA,1,2,2,2,2,0,0
4697,nplatte.us,PSORALIDIUM TENUIFLORUM,1,0,0,2,2,2,2
4700,nplatte.us,SPHAERALCEA COCCINEA,1,4,2,0,0,-4,-2
4704,nplatte.us,VULPIA OCTOFLORA,1,0,0,2,2,2,2
4706,octc.us,ARTEMISIA TRIDENTATA,1,162.7758363,16.27758363,167.7924463,16.77924463,5.01661,0.501661
4707,octc.us,BROMUS TECTORUM,1,0,0,0.1355014,0.1355014,0.1355014,0.1355014
4709,octc.us,CERATOCEPHALA TESTICULATA,1,25.3685113,2.818723478,8.3452873,1.1921839,-17.023224,-1.626539578
4711,octc.us,ELYMUS ELYMOIDES,1,3.2734997,0.818374925,0.5475702,0.5475702,-2.7259295,-0.270804725
4713,octc.us,POA SECUNDA,1,165.0442414,16.50442414,148.2465954,14.82465954,-16.797646,-1.6797646
4718,oklah.us,AMBROSIA PSILOSTACHYA,1,55.5,18.5,38,19,-17.5,0.5
4727,oklah.us,ANEMONE CAROLINIANA,1,0.5,0.5,0,0,-0.5,-0.5
4735,oklah.us,BOTHRIOCHLOA LAGUROIDES,1,1,0.5,15.5,7.75,14.5,7.25
4739,oklah.us,CALYLOPHUS SERRULATUS,1,15,15,15,15,0,0
4745,oklah.us,CHAMAECRISTA FASCICULATA,1,0,0,0.5,0.5,0.5,0.5
4751,oklah.us,CROTON MONANTHOGYNUS,1,4,1.333333333,3.5,1.75,-0.5,0.416666667
4755,oklah.us,DALEA CANDIDA,1,0,0,0.5,0.5,0.5,0.5
4757,oklah.us,DALEA PURPUREA,1,6,3,18,9,12,6
4762,oklah.us,DESMANTHUS ILLINOENSIS,1,0.5,0.5,15,15,14.5,14.5
4769,oklah.us,DICHANTHELIUM OLIGOSANTHES,1,21,7,33,11,12,4
4773,oklah.us,ERAGROSTIS SPECTABILIS,1,0.5,0.5,0,0,-0.5,-0.5
4776,oklah.us,ERIGERON STRIGOSUS,1,3.5,1.75,3.5,1.75,0,0
4780,oklah.us,EUPHORBIA DENTATA,1,0.5,0.5,0.5,0.5,0,0
4781,oklah.us,FIMBRISTYLIS PUBERULA,1,3.5,1.75,0,0,-3.5,-1.75
4784,oklah.us,GALIUM VIRGATUM,1,0.5,0.5,0.5,0.5,0,0
4789,oklah.us,HEDEOMA HISPIDA,1,0,0,0.5,0.5,0.5,0.5
4792,oklah.us,HETEROTHECA SUBAXILLARIS,1,1,0.5,1,0.5,0,0
4795,oklah.us,LESPEDEZA CAPITATA,1,15,15,0,0,-15,-15
4799,oklah.us,LESPEDEZA JUNCEA var. SERICEA,1,30,15,15.5,7.75,-14.5,-7.25
4804,oklah.us,LIATRIS SQUARROSA,1,1,0.5,3.5,1.75,2.5,1.25
4808,oklah.us,LINUM SULCATUM,1,0,0,0.5,0.5,0.5,0.5
4811,oklah.us,OXALIS STRICTA,1,1,0.5,1,0.5,0,0
4815,oklah.us,PASPALUM SETACEUM,1,1,0.5,0,0,-1,-0.5
4817,oklah.us,PLANTAGO PATAGONICA,1,1,0.5,0.5,0.5,-0.5,0
4820,oklah.us,PLANTAGO VIRGINICA,1,1,0.5,0.5,0.5,-0.5,0
4824,oklah.us,PSORALIDIUM TENUIFLORUM,1,0.5,0.5,0,0,-0.5,-0.5
4828,oklah.us,RATIBIDA COLUMNIFERA,1,3.5,1.75,0.5,0.5,-3,-1.25
4833,oklah.us,RHUS COPALLINUM,1,15,15,0.5,0.5,-14.5,-14.5
4838,oklah.us,RUDBECKIA HIRTA,1,0.5,0.5,0,0,-0.5,-0.5
4842,oklah.us,SCHIZACHYRIUM SCOPARIUM,1,207.5,69.16666667,162.5,54.16666667,-45,-15
4847,oklah.us,SOLIDAGO LUDOVICIANA,1,1,0.5,0.5,0.5,-0.5,0
4849,oklah.us,SOLIDAGO NEMORALIS,1,0,0,15.5,7.75,15.5,7.75
4854,oklah.us,SOLIDAGO RIGIDA,1,0,0,3,3,3,3
4859,oklah.us,SORGHASTRUM NUTANS,1,33,11,45,15,12,4
4863,oklah.us,SPHENOPHOLIS OBTUSATA,1,15,15,0,0,-15,-15
4866,oklah.us,SPOROBOLUS COMPOSITUS,1,18.5,6.166666667,30.5,10.16666667,12,4
4871,oklah.us,STENARIA NIGRICANS,1,0.5,0.5,0,0,-0.5,-0.5
4873,oklah.us,SYMPHYOTRICHUM ERICOIDES,1,30.5,10.16666667,33,11,2.5,0.833333333
4879,oklah.us,THELESPERMA FILIFOLIUM,1,0.5,0.5,0,0,-0.5,-0.5
4882,oklah.us,TRAGIA BETONICIFOLIA,1,1,0.5,0,0,-1,-0.5
4888,oklah.us,VERBENA HALEI,1,3,3,0,0,-3,-3
4892,oreaa.us,ALLIUM ACUMINATUM,1,0,0,1,1,1,1
4896,oreaa.us,ARTEMISIA ARBUSCULA,1,41.5,13.83333333,61,12.2,19.5,-1.633333333
4901,oreaa.us,BLEPHARIPAPPUS SCABER,1,4.5,0.9,3,0.6,-1.5,-0.3
4906,oreaa.us,BROMUS JAPONICUS,1,1.5,0.5,1.5,0.5,0,0
4910,oreaa.us,COLLINSIA PARVIFLORA,1,1.5,0.5,1.5,0.5,0,0
4915,oreaa.us,DANTHONIA CALIFORNICA,1,0,0,24.5,8.166666667,24.5,8.166666667
4919,oreaa.us,DRABA VERNA,1,0,0,2,0.5,2,0.5
4924,oreaa.us,ELYMUS ELYMOIDES,1,15,3.75,38.5,7.7,23.5,3.95
4929,oreaa.us,EPILOBIUM BRACHYCARPUM,1,7.5,1.5,4.5,0.9,-3,-0.6
4934,oreaa.us,EREMOGONE CONGESTA,1,0,0,1,0.5,1,0.5
4939,oreaa.us,ERIGERON BLOOMERI,1,15,5,4.5,2.25,-10.5,-2.75
4944,oreaa.us,ERIOGONUM SPHAEROCEPHALUM,1,4.5,2.25,11,2.75,6.5,0.5
4949,oreaa.us,FESTUCA IDAHOENSIS,1,38.5,7.7,45.5,9.1,7,1.4
4959,oreaa.us,NAVARRETIA INTERTEXTA SSP. PROPINQUA,1,3,0.75,2.5,0.833333333,-0.5,0.083333333
4964,oreaa.us,NOTHOCALAIS TROXIMOIDES,1,3.5,3.5,5.5,1.833333333,2,-1.666666667
4969,oreaa.us,PACKERA CANA,1,31,15.5,0,0,-31,-15.5
4978,oreaa.us,PHLOX HOODII,1,7,3.5,6.5,1.625,-0.5,-1.875
4984,oreaa.us,SEDUM STENOPETALUM,1,10.5,3.5,11.5,2.875,1,-0.625
4989,oreaa.us,TRIFOLIUM MACROCEPHALUM,1,1,1,3.5,3.5,2.5,2.5
4994,oreaa.us,VENTENATA DUBIA,1,29,5.8,35,8.75,6,2.95
4999,oreac.us,ACHILLEA MILLEFOLIUM,1,8,2.666666667,5.5,1.833333333,-2.5,-0.833333333
5004,oreac.us,ACMISPON AMERICANUS,1,1,0.5,4,2,3,1.5
5009,oreac.us,ARTEMISIA ARBUSCULA,1,21,10.5,0,0,-21,-10.5
5014,oreac.us,ARTEMISIA CANA,1,85,21.25,172.5,34.5,87.5,13.25
5020,oreac.us,BROMUS JAPONICUS,1,15,3,65.5,13.1,50.5,10.1
5024,oreac.us,BROMUS TECTORUM,1,0,0,1,1,1,1
5027,oreac.us,COLLINSIA PARVIFLORA,1,3.5,0.7,3,0.6,-0.5,-0.1
5032,oreac.us,COLLOMIA GRANDIFLORA,1,10,2,9,2.25,-1,0.25
5038,oreac.us,DRABA VERNA,1,0.5,0.5,0,0,-0.5,-0.5
5042,oreac.us,ELYMUS ELYMOIDES,1,14,7,17.5,5.833333333,3.5,-1.166666667
5047,oreac.us,EPILOBIUM BRACHYCARPUM,1,7.5,1.5,7.5,1.5,0,0
5051,oreac.us,ERIOPHYLLUM LANATUM var. LEUCOPHYLLUM,1,0,0,3.5,3.5,3.5,3.5
5056,oreac.us,FESTUCA IDAHOENSIS,1,55.5,11.1,55,13.75,-0.5,2.65
5064,oreac.us,PERIDERIDIA OREGANA,1,24.5,4.9,19,3.8,-5.5,-1.1
5068,oreac.us,POA BULBOSA,1,8,2.666666667,0,0,-8,-2.666666667
5073,oreac.us,POA SECUNDA,1,3.5,3.5,3.5,3.5,0,0
5079,oreac.us,TRIFOLIUM MACROCEPHALUM,1,0,0,0.5,0.5,0.5,0.5
5084,oreac.us,VENTENATA DUBIA,1,11.5,3.833333333,1,1,-10.5,-2.833333333
5089,paike.ar,ACAENA PINNATIFIDA,1,0,0,2,1,2,1
5094,paike.ar,ACAENA POEPPIGIANA,1,3,1,2,1,-1,0
5099,paike.ar,ADESMIA LOTOIDES,1,1,1,0,0,-1,-1
5104,paike.ar,AGROSTIS INCONSPICUA,1,1,1,3,1,2,0
5109,paike.ar,ARJONA TUBEROSA,1,0,0,1,1,1,1
5113,paike.ar,ARMERIA MARITIMA,1,3,1,2,1,-1,0
5118,paike.ar,AZORELLA FUEGIANA,1,1,1,3,1.5,2,0.5
5123,paike.ar,AZORELLA MONANTHA,1,1,1,1,1,0,0
5128,paike.ar,BROMUS SETIFOLIUS,1,0,0,5,2.5,5,2.5
5133,paike.ar,CALCEOLARIA UNIFLORA,1,1,1,0,0,-1,-1
5138,paike.ar,CAREX ANDINA,1,18,6,11,3.666666667,-7,-2.333333333
5143,paike.ar,CERASTIUM ARVENSE,1,2,1,1,1,-1,0
5148,paike.ar,CLINOPODIUM DARWINII,1,2,1,2,1,0,0
5153,paike.ar,COLOBANTHUS LYCOPODOIDES,1,4,2,3,1.5,-1,-0.5
5158,paike.ar,DESCHAMPSIA CESPITOSA,1,1,1,3,1,2,0
5163,paike.ar,ERIGERON PATAGONICUS,1,0,0,2,1,2,1
5168,paike.ar,FESTUCA PYROGEA,1,27,9,17,5.666666667,-10,-3.333333333
5173,paike.ar,HYPOCHAERIS INCANA,1,0,0,2,1,2,1
5178,paike.ar,JUNELLIA ODONELLII,1,3,1,2,1,-1,0
5183,paike.ar,LATHYRUS NERVOSUS,1,0,0,1,1,1,1
5187,paike.ar,LEUCHERIA PURPUREA,1,1,1,3,1,2,0
5192,paike.ar,LUZULA CHILENSIS,1,6,2,3,1.5,-3,-0.5
5197,paike.ar,NARDOPHYLLUM BRYOIDES,1,20,6.666666667,19,6.333333333,-1,-0.333333333
5202,paike.ar,NASSAUVIA ACULEATA,1,3,1,1,1,-2,0
5207,paike.ar,NASSAUVIA DARWINII,1,2,1,1,1,-1,0
5212,paike.ar,OXALIS ENNEAPHYLLA,1,1,1,1,1,0,0
5217,paike.ar,PEREZIA RECURVATA,1,9,3,13,4.333333333,4,1.333333333
5222,paike.ar,POA SPICIFORMIS,1,46,15.33333333,37,12.33333333,-9,-3
5227,paike.ar,POLYGALA DARWINIANA,1,0,0,3,1,3,1
5232,paike.ar,RYTIDOSPERMA VIRESCENS,1,7,3.5,9,4.5,2,1
5237,paike.ar,SENECIO LASEGUEI,1,1,1,0,0,-1,-1
5242,paike.ar,SENECIO MISER,1,1,1,2,1,1,0
5247,paike.ar,STIPA SPECIOSA,1,65,21.66666667,81,27,16,5.333333333
5252,passogavia.it,AGROSTIS RUPESTRIS,1,12.5,2.5,8.5,1.7,-4,-0.8
5256,passogavia.it,ALCHEMILLA PENTAPHYLLEA,1,175,35,269,53.8,94,18.8
5260,passogavia.it,ANTHOXANTHUM ODORATUM,1,0.1,0.1,0,0,-0.1,-0.1
5264,passogavia.it,CAREX CURVULA,1,203,40.6,210,42,7,1.4
5268,passogavia.it,EUPHRASIA MINIMA,1,0.05,0.0125,0.01,0.01,-0.04,-0.0025
5271,passogavia.it,FESTUCA HALLERI,1,0.3,0.3,2,2,1.7,1.7
5275,passogavia.it,GNAPHALIUM SUPINUM,1,0.16,0.053333333,0.15,0.075,-0.01,0.021666667
5279,passogavia.it,HELICTOTRICHON VERSICOLOR,1,0,0,5,2.5,5,2.5
5283,passogavia.it,HIERACIUM PILIFERUM,1,0.2,0.2,0,0,-0.2,-0.2
5285,passogavia.it,LEUCANTHEMOPSIS ALPINA,1,4.22,0.844,2.3,0.46,-1.92,-0.384
5289,passogavia.it,LIGUSTICUM MUTELLINA,1,24,12,46,46,22,34
5294,passogavia.it,LUZULA SPICATA,1,0,0,0.01,0.01,0.01,0.01
5295,passogavia.it,LYCOPODIUM ALPINUM,1,0,0,0.1,0.1,0.1,0.1
5299,passogavia.it,OREOCHLOA DISTICHA,1,11,5.5,0.55,0.275,-10.45,-5.225
5303,passogavia.it,PERSICARIA VIVIPARA,1,2.1,1.05,0.1,0.1,-2,-0.95
5307,passogavia.it,PHLEUM ALPINUM,1,0,0,0.2,0.2,0.2,0.2
5311,passogavia.it,PHYTEUMA HEMISPHAERICUM,1,12,2.4,11.5,2.3,-0.5,-0.1
5315,passogavia.it,POA ALPINA,1,10,2,15.8,3.16,5.8,1.16
5319,passogavia.it,POTENTILLA AUREA,1,8.5,2.833333333,0,0,-8.5,-2.833333333
5323,passogavia.it,PRIMULA GLUTINOSA,1,4.9,0.98,1.5,0.75,-3.4,-0.23
5327,passogavia.it,SALIX HERBACEA,1,2.11,0.703333333,1.1,0.55,-1.01,-0.153333333
5331,passogavia.it,SCORZONEROIDES HELVETICA,1,19.8,3.96,9,1.8,-10.8,-2.16
5335,passogavia.it,SOLDANELLA PUSILLA,1,50.4,10.08,68,13.6,17.6,3.52
5339,passogavia.it,TARAXACUM ALPINUM,1,0,0,0.2,0.2,0.2,0.2
5342,pineta.es,AGROSTIS CAPILLARIS,1,282,47,223,37.16666667,-59,-9.833333333
5344,pineta.es,ASTRANTIA MAJOR,1,3,3,24,8,21,5
5346,pineta.es,BRACHYPODIUM PINNATUM,1,10.5,10.5,31,15.5,20.5,5
5348,pineta.es,CRUCIATA GLABRA,1,0.5,0.5,0.5,0.5,0,0
5350,pineta.es,DACTYLIS GLOMERATA,1,0.5,0.5,0,0,-0.5,-0.5
5351,pineta.es,DACTYLORHIZA MACULATA,1,2,0.5,4.5,1.125,2.5,0.625
5353,pineta.es,DAPHNE LAUREOLA,1,0,0,11,5.5,11,5.5
5355,pineta.es,Epipactis PALUSTRIS,1,31,15.5,3,3,-28,-12.5
5357,pineta.es,FESTUCA RUBRA,1,19.5,4.875,24,8,4.5,3.125
5359,pineta.es,FRAGARIA VESCA,1,11,5.5,37,9.25,26,3.75
5361,pineta.es,GALIUM VERUM,1,0.5,0.5,0,0,-0.5,-0.5
5362,pineta.es,GYMNADENIA CONOPSEA,1,0,0,1,0.5,1,0.5
5364,pineta.es,HEPATICA NOBILIS,1,0,0,6,3,6,3
5367,pineta.es,LOTUS CORNICULATUS,1,3,3,0,0,-3,-3
5369,pineta.es,NEOTTIA OVATA,1,3,3,7,1.75,4,-1.25
5371,pineta.es,OXALIS ACETOSELLA,1,0,0,4,1.333333333,4,1.333333333
5373,pineta.es,PIMPINELLA SAXIFRAGA,1,3.5,1.75,1.5,0.5,-2,-1.25
5375,pineta.es,PLANTAGO MEDIA,1,0.5,0.5,0,0,-0.5,-0.5
5376,pineta.es,POTENTILLA ERECTA,1,3,3,3,3,0,0
5378,pineta.es,PRIMULA VERIS,1,0.5,0.5,0,0,-0.5,-0.5
5379,pineta.es,SOLIDAGO VIRGAUREA,1,11,5.5,0,0,-11,-5.5
5381,pineta.es,TARAXACUM PYRENAICUM,1,0,0,3,3,3,3
5383,pineta.es,TRIFOLIUM PRATENSE,1,30.5,5.083333333,9.5,2.375,-21,-2.708333333
5385,pineta.es,TRIFOLIUM REPENS,1,0,0,3,3,3,3
5387,pineta.es,VERONICA CHAMAEDRYS,1,3,3,0,0,-3,-3
5390,purdue.us,ALCHEMILLA IDAEUS,1,140,28,75,37.5,-65,9.5
5392,purdue.us,ANDROPOGON GERARDII,1,150,18.75,80,26.66666667,-70,7.916666667
5393,purdue.us,APOCYNUM CANNABINUM,1,5,5,0,0,-5,-5
5395,purdue.us,DESMODIUM ILLINOENSE,1,78,13,79,19.75,1,6.75
5397,purdue.us,EUTHAMIA GRAMINIFOLIA,1,65,13,25,25,-40,12
5400,purdue.us,LOTUS CORNICULATUS,1,10,10,0,0,-10,-10
5401,purdue.us,SCHIZACHYRIUM SCOPARIUM,1,60,20,0,0,-60,-20
5404,purdue.us,SOLIDAGO CANADENSIS,1,630,78.75,290,72.5,-340,-6.25
5406,purdue.us,SOLIDAGO SPECIOSA,1,10,5,0,0,-10,-5
5408,purdue.us,SYMPHYOTRICHUM NOVAE-ANGLIAE,1,117,16.71428571,50,16.66666667,-67,-0.047619048
5410,purdue.us,SYMPHYOTRICHUM PILOSUM,1,36,7.2,15,7.5,-21,0.3
5491,quilpie.au,ABUTILON HALOPHILUM,1,17,5.666666667,15,5,-2,-0.666666667
5494,quilpie.au,CENTIPEDA CUNNINGHAMII,1,8,4,10,3.333333333,2,-0.666666667
5497,quilpie.au,ERAGROSTIS SETIFOLIA,1,4,2,2,2,-2,0
5500,quilpie.au,SCLEROLAENA DIACANTHA,1,6,3,3,3,-3,0
5503,quilpie.au,SCLEROLAENA ERIACANTHA,1,12,4,10,3.333333333,-2,-0.666666667
5507,quilpie.au,TRIPOGON LOLIIFORMIS,1,1,1,0,0,-1,-1
5509,rhijn.nl,ACHILLEA MILLEFOLIUM,1,1,1,0,0,-1,-1
5514,rhijn.nl,ALOPECURUS PRATENSIS,1,5,5,0,0,-5,-5
5516,rhijn.nl,ANTHOXANTHUM ODORATUM,1,35,8.75,0,0,-35,-8.75
5522,rhijn.nl,ARRHENATHERUM ELATIUS,1,50,8.333333333,60,20,10,11.66666667
5530,rhijn.nl,CENTAUREA JACEA,1,28,7,13,6.5,-15,-0.5
5535,rhijn.nl,CERASTIUM FONTANUM,1,1,1,0,0,-1,-1
5537,rhijn.nl,CYNOSURUS CRISTATUS,1,5,5,0,0,-5,-5
5540,rhijn.nl,DACTYLIS GLOMERATA,1,95,15.83333333,60,20,-35,4.166666667
5547,rhijn.nl,FESTUCA RUBRA,1,200,40,50,25,-150,-15
5552,rhijn.nl,GALIUM MOLLUGO,1,155,25.83333333,50,25,-105,-0.833333333
5557,rhijn.nl,HOLCUS LANATUS,1,42,8.4,20,6.666666667,-22,-1.733333333
5563,rhijn.nl,JACOBAEA VULGARIS,1,2,2,0,0,-2,-2
5568,rhijn.nl,LATHYRUS PRATENSIS,1,0,0,1,1,1,1
5572,rhijn.nl,LEUCANTHEMUM VULGARE,1,1,1,1,1,0,0
5576,rhijn.nl,LOTUS CORNICULATUS,1,10,10,0,0,-10,-10
5579,rhijn.nl,LYSIMACHIA NUMMULARIA,1,0,0,2,2,2,2
5582,rhijn.nl,PLANTAGO LANCEOLATA,1,35,5.833333333,12,4,-23,-1.833333333
5591,rhijn.nl,POTENTILLA REPTANS,1,32,8,45,22.5,13,14.5
5596,rhijn.nl,PRUNELLA VULGARIS,1,3,1.5,4,2,1,0.5
5599,rhijn.nl,RANUNCULUS ACRIS,1,15,3,6,3,-9,0
5605,rhijn.nl,RUMEX ACETOSA,1,5,1.25,3,1.5,-2,0.25
5608,rhijn.nl,TARAXACUM TARAXACUM,1,9,1.5,3,1,-6,-0.5
5613,rhijn.nl,TRIFOLIUM PRATENSE,1,2,1,1,1,-1,0
5620,rhijn.nl,VERONICA CHAMAEDRYS,1,2,2,8,4,6,2
5624,sand.us,ANDROPOGON VIRGINICUS,1,0,0,12,12,12,12
5625,sand.us,ARISTIDA STRICTA,1,80,26.66666667,81,27,1,0.333333333
5627,sand.us,CARPHEPHORUS BELLIDIFOLIUS,1,7,7,10,10,3,3
5628,sand.us,CHAMAECRISTA NICTITANS,1,12,12,79,39.5,67,27.5
5629,sand.us,CHRYSOPSIS MARIANA,1,6,6,53,26.5,47,20.5
5631,sand.us,DESMODIUM ROTUNDIFOLIUM,1,0,0,5,5,5,5
5632,sand.us,DIOSPYROS VIRGINIANA,1,1,1,0,0,-1,-1
5634,sand.us,EUPATORIUM LEUCOLEPIS,1,0,0,3,3,3,3
5635,sand.us,EUPATORIUM ROTUNDIFOLIUM,1,0,0,1,1,1,1
5636,sand.us,EUPHORBIA PUBENTISSIMA,1,11,3.666666667,10,5,-1,1.333333333
5637,sand.us,GALACTIA ERECTA,1,1,1,5,2.5,4,1.5
5639,sand.us,GALACTIA REGULARIS,1,0,0,16,16,16,16
5640,sand.us,IONACTIS LINARIIFOLIA,1,0,0,1,1,1,1
5642,sand.us,LESPEDEZA HIRTA,1,1,1,0,0,-1,-1
5643,sand.us,LESPEDEZA PROCUMBENS,1,8,8,1,1,-7,-7
5644,sand.us,LIATRIS COKERI,1,26,26,28,14,2,-12
5645,sand.us,MORELLA CERIFERA,1,1,1,1,1,0,0
5646,sand.us,PANICUM COMMUTATUM,1,19,6.333333333,34,11.33333333,15,5
5647,sand.us,PARTHENIUM INTEGRIFOLIUM,1,4,4,5,5,1,1
5648,sand.us,PINUS PALUSTRIS,1,5,1.666666667,11,3.666666667,6,2
5650,sand.us,PITYOPSIS ASPERA,1,18,6,38,12.66666667,20,6.666666667
5652,sand.us,PTERIDIUM AQUILINUM,1,64,21.33333333,9,4.5,-55,-16.83333333
5653,sand.us,QUERCUS INCANA,1,13,13,0,0,-13,-13
5654,sand.us,QUERCUS LAEVIS,1,4,4,0,0,-4,-4
5655,sand.us,QUERCUS MARILANDICA,1,0,0,10,10,10,10
5656,sand.us,RHUS COPALLINUM,1,0,0,6,6,6,6
5657,sand.us,ROBINIA HISPIDA,1,0,0,7,3.5,7,3.5
5659,sand.us,SASSAFRAS ALBIDUM,1,0,0,3,3,3,3
5661,sand.us,SCHIZACHYRIUM SCOPARIUM,1,28,14,27,9,-1,-5
5662,sand.us,SCLERIA TRIGLOMERATA,1,6,6,6,6,0,0
5663,sand.us,SERICOCARPUS ASTEROIDES,1,2,2,1,1,-1,-1
5664,sand.us,SYMPHYOTRICHUM WALTERI,1,13,13,0,0,-13,-13
5665,sand.us,VACCINIUM TENELLUM,1,47,15.66666667,47,23.5,0,7.833333333
5667,sclaudio.ar,ACMELLA DECUMBENS,1,0.25,0.25,0,0,-0.25,-0.25
5668,sclaudio.ar,CHENOPODIUM QUINOA,1,5.25,2.625,0,0,-5.25,-2.625
5673,sclaudio.ar,CYNODON DACTYLON,1,7,2.333333333,4,1,-3,-1.333333333
5677,sclaudio.ar,FESTUCA ARUNDINACEA,1,275,68.75,315,78.75,40,10
5681,sclaudio.ar,PASPALUM DILATATUM,1,1,1,0,0,-1,-1
5683,sclaudio.ar,PASPALUM QUADRIFARIUM,1,20,20,0,0,-20,-20
5690,sclaudio.ar,SORGHUM HALEPENSE,1,40,10,61,15.25,21,5.25
5694,scruzh.us,ACMISPON AMERICANUS,1,0,0,0.9174312,0.9174312,0.9174312,0.9174312
5697,scruzh.us,AIRA CARYOPHYLLEA,1,0,0,2.2727273,2.2727273,2.2727273,2.2727273
5702,scruzh.us,ANAGALLIS ARVENSIS,1,18.0659755,4.516493875,5.6818182,5.6818182,-12.3841573,1.165324325
5706,scruzh.us,AVENA BARBATA,1,3.1997102,1.5998551,0,0,-3.1997102,-1.5998551
5711,scruzh.us,BRACHYPODIUM DISTACHYON,1,0,0,2.4691358,2.4691358,2.4691358,2.4691358
5716,scruzh.us,BRIZA MAXIMA,1,133.7243283,26.74486566,196.5006126,39.30012252,62.7762843,12.55525686
5724,scruzh.us,BROMUS HORDEACEUS,1,5.2691476,2.6345738,5.5385661,2.76928305,0.2694185,0.13470925
5734,scruzh.us,CHLOROGALUM POMERIDIANUM,1,0,0,2.4691358,2.4691358,2.4691358,2.4691358
5742,scruzh.us,CYNOSURUS ECHINATUS,1,3.0769231,3.0769231,0,0,-3.0769231,-3.0769231
5744,scruzh.us,DANTHONIA CALIFORNICA,1,0,0,15.1898734,15.1898734,15.1898734,15.1898734
5759,scruzh.us,HOLCUS LANATUS,1,27.5797374,13.7898687,29.0563866,14.5281933,1.4766492,0.7383246
5766,scruzh.us,JUNCUS BUFONIUS,1,0,0,2.2727273,2.2727273,2.2727273,2.2727273
5774,scruzh.us,LINUM BIENNE,1,3.6585366,3.6585366,12.5957181,6.29785905,8.9371815,2.63932245
5780,scruzh.us,LYTHRUM HYSSOPIFOLIA,1,0,0,14.11593,7.057965,14.11593,7.057965
5790,scruzh.us,PLANTAGO LANCEOLATA,1,23.9314175,11.96570875,22.2222222,22.2222222,-1.7091953,10.25651345
5798,scruzh.us,RUBUS URSINUS,1,0,0,4.2105263,4.2105263,4.2105263,4.2105263
5806,scruzh.us,SISYRINCHIUM BELLUM,1,1.2195122,1.2195122,3.6680092,1.8340046,2.448497,0.6144924
5814,scruzh.us,STIPA PULCHRA,1,55.3826745,27.69133725,24.8890956,8.2963652,-30.4935789,-19.39497205
5828,scruzh.us,VULPIA MYUROS,1,88.9457524,29.64858413,16.5425937,4.135648425,-72.4031587,-25.51293571
5832,scruzl.us,AVENA BARBATA,1,16.4173379,5.472445967,1.2195122,1.2195122,-15.1978257,-4.252933767
5838,scruzl.us,BROMUS DIANDRUS,1,23.2323232,11.6161616,1.2195122,1.2195122,-22.012811,-10.3966494
5843,scruzl.us,BROMUS HORDEACEUS,1,1.0204082,1.0204082,0,0,-1.0204082,-1.0204082
5849,scruzl.us,CARDUUS PYCNOCEPHALUS,1,26.3876141,8.795871367,40.2597403,20.12987015,13.8721262,11.33399878
5854,scruzl.us,CIRSIUM VULGARE,1,0,0,43.8470067,14.6156689,43.8470067,14.6156689
5862,scruzl.us,GERANIUM DISSECTUM,1,104.7801431,20.95602862,11.3977867,3.799262233,-93.3823564,-17.15676639
5879,scruzl.us,LOLIUM PERENNE,1,25.0753466,8.358448867,6.038961,3.0194805,-19.0363856,-5.338968367
5885,scruzl.us,RAPHANUS SATIVUS,1,174.8182198,34.96364396,305.4907505,61.0981501,130.6725307,26.13450614
5892,scruzl.us,SONCHUS ASPER,1,2.0408163,2.0408163,43.6436137,14.54787123,41.6027974,12.50705493
5903,scruzl.us,VULPIA MYUROS,1,126.2277907,31.55694768,45.4545455,22.72727275,-80.7732452,-8.829674925
5909,scruzm.us,AVENA BARBATA,1,379.5683787,75.91367574,330.8987202,66.17974404,-48.6696585,-9.7339317
5916,scruzm.us,BRACHYPODIUM DISTACHYON,1,1.0416667,1.0416667,1.8348624,1.8348624,0.7931957,0.7931957
5919,scruzm.us,BRIZA MAXIMA,1,4.9107143,2.45535715,3.6697248,3.6697248,-1.2409895,1.21436765
5925,scruzm.us,BROMUS DIANDRUS,1,9.0340522,2.25851305,2.1978022,2.1978022,-6.83625,-0.06071085
5930,scruzm.us,CARDUUS PYCNOCEPHALUS,1,6.8493151,6.8493151,35.5944514,7.11889028,28.7451363,0.26957518
5937,scruzm.us,CONVOLVULUS ARVENSIS,1,0,0,1.0989011,1.0989011,1.0989011,1.0989011
5945,scruzm.us,ESCHSCHOLZIA CALIFORNICA,1,36.4814939,7.29629878,13.0509908,4.350330267,-23.4305031,-2.945968513
5949,scruzm.us,GERANIUM DISSECTUM,1,10.7321117,3.577370567,5.8522727,2.92613635,-4.879839,-0.651234217
5954,scruzm.us,LOLIUM PERENNE,1,7.2916666,3.6458333,1.8181818,1.8181818,-5.4734848,-1.8276515
5961,scruzm.us,RAPHANUS SATIVUS,1,37.2010363,7.44020726,102.8851914,20.57703828,65.6841551,13.13683102
5969,scruzm.us,RUMEX CRISPUS,1,1.0416667,1.0416667,0,0,-1.0416667,-1.0416667
5974,scruzm.us,VICIA SATIVA,1,3.1693263,1.58466315,0,0,-3.1693263,-1.58466315
5979,sevblack.us,ALLIONIA INCARNATA,1,9,9,0,0,-9,-9
5980,sevblack.us,CHONDROSUM ERIOPODUM,1,126.65,18.09285714,52,7.428571429,-74.65,-10.66428571
5981,sevblack.us,EUPHORBIA LATA,1,0.5,0.5,1.5,0.5,1,0
5982,sevblack.us,GUTIERREZIA SAROTHRAE,1,18.25,18.25,20,20,1.75,1.75
5983,sevblack.us,HOFFMANNSEGGIA DREPANOCARPA,1,0.5,0.5,0.5,0.5,0,0
5984,sevblack.us,MACHAERANTHERA PINNATIFIDA,1,8.5,2.833333333,0,0,-8.5,-2.833333333
5985,sevblack.us,MUHLENBERGIA ARENICOLA,1,2,1,1,1,-1,0
5986,sevblack.us,OPUNTIA PHAEACANTHA,1,11,11,0,0,-11,-11
5987,sevblack.us,SALSOLA KALI,1,20.25,4.05,2.6,0.65,-17.65,-3.4
5988,sevblack.us,SCLEROPOGON BREVIFOLIUS,1,1.95,1.95,0,0,-1.95,-1.95
5989,sevblack.us,SOLANUM ELAEAGNIFOLIUM,1,0,0,0.5,0.5,0.5,0.5
5990,sevblue.us,ASTRAGALUS MISSOURIENSIS,1,0.5,0.5,0,0,-0.5,-0.5
5991,sevblue.us,CHONDROSUM ERIOPODUM,1,8.25,1.65,28.85,4.808333333,20.6,3.158333333
5992,sevblue.us,CHONDROSUM GRACILE,1,100.41,14.34428571,66,9.428571429,-34.41,-4.915714286
5993,sevblue.us,SALSOLA KALI,1,6.1,2.033333333,0,0,-6.1,-2.033333333
5994,sevblue.us,SPHAERALCEA HASTULATA,1,2,2,0,0,-2,-2
5995,sevmixed.us,CHONDROSUM ERIOPODUM,1,79.9,11.41428571,51.4,7.342857143,-28.5,-4.071428571
5996,sevmixed.us,CHONDROSUM GRACILE,1,29.85,4.975,11.55,1.65,-18.3,-3.325
5997,sevmixed.us,GUTIERREZIA SAROTHRAE,1,0,0,1,1,1,1
5998,sevmixed.us,HILARIA JAMESII,1,23.2,3.314285714,2.55,0.85,-20.65,-2.464285714
5999,sevmixed.us,MACHAERANTHERA PINNATIFIDA,1,1.5,0.5,1,0.5,-0.5,0
6000,sevmixed.us,SALSOLA KALI,1,0.5,0.5,0,0,-0.5,-0.5
6001,sevmixed.us,SOLANUM ELAEAGNIFOLIUM,1,1.5,0.5,1,0.5,-0.5,0
6002,sevmixed.us,SPHAERALCEA HASTULATA,1,0.5,0.5,0,0,-0.5,-0.5
6003,sevmixed.us,SPHAERALCEA POLYCHROMA,1,1,1,0,0,-1,-1
6006,slp.us,AMBROSIA PSILOSTACHYA,1,2,2,31,10.33333333,29,8.333333333
6010,slp.us,ANDROPOGON GLOMERATUS,1,19,19,17,17,-2,-2
6013,slp.us,ARISTIDA LONGESPICA,1,3,1,9,4.5,6,3.5
6017,slp.us,BAPTISIA BRACTEATA,1,1,1,2,2,1,1
6018,slp.us,BRIZA MINOR,1,0,0,1,1,1,1
6024,slp.us,CONYZA CANADENSIS,1,1,1,0,0,-1,-1
6027,slp.us,DIODIA TERES,1,1,1,0,0,-1,-1
6031,slp.us,GAILLARDIA AESTIVALIS,1,2,2,1,1,-1,-1
6035,slp.us,HELENIUM AMARUM,1,0,0,1,1,1,1
6037,slp.us,HETEROTHECA SUBAXILLARIS,1,19,6.333333333,12,6,-7,-0.333333333
6039,slp.us,HYPERICUM DRUMMONDII,1,14,4.666666667,3,1.5,-11,-3.166666667
6042,slp.us,JUNCUS MARGINATUS,1,10,3.333333333,17,5.666666667,7,2.333333333
6046,slp.us,LECHEA MUCRONATA,1,2,1,1,1,-1,0
6050,slp.us,LINUM MEDIUM,1,1,1,0,0,-1,-1
6052,slp.us,MONARDA PUNCTATA,1,0,0,5,5,5,5
6054,slp.us,NEPTUNIA LUTEA,1,0,0,2,2,2,2
6058,slp.us,OXALIS DILLENII,1,1,1,5,2.5,4,1.5
6061,slp.us,PANICUM BRACHYANTHUM,1,0,0,3,3,3,3
6062,slp.us,PHALARIS CAROLINIANA,1,1,1,0,0,-1,-1
6064,slp.us,POLYPREMUM PROCUMBENS,1,1,1,0,0,-1,-1
6067,slp.us,RUBUS TRIVIALIS,1,25,8.333333333,11,5.5,-14,-2.833333333
6071,slp.us,RUDBECKIA HIRTA,1,13,4.333333333,11,5.5,-2,1.166666667
6074,slp.us,RUMEX HASTATULUS,1,1,1,0,0,-1,-1
6075,slp.us,SCLERIA CILIATA,1,2,1,1,1,-1,0
6078,slp.us,STEINCHISMA HIANS,1,1,1,44,44,43,43
6083,spvdrt.ar,CARDIONEMA RAMOSISSIMUM,1,1,1,5,1.666666667,4,0.666666667
6089,spvdrt.ar,ERODIUM CICUTARIUM,1,6,2,2,1,-4,-1
6095,spvdrt.ar,FACELIS RETUSA,1,20,6.666666667,11,3.666666667,-9,-3
6101,spvdrt.ar,GALIUM RICHARDIANUM,1,2,1,14,7,12,6
6109,spvdrt.ar,HOFFMANNSEGGIA TRIFOLIATA,1,4,4,0,0,-4,-4
6112,spvdrt.ar,HORDEUM MURINUM,1,0,0,3,3,3,3
6118,spvdrt.ar,HYPOCHAERIS RADICATA,1,8,2.666666667,9,3,1,0.333333333
6124,spvdrt.ar,NASSELLA TENUIS,1,47,15.66666667,50,16.66666667,3,1
6130,spvdrt.ar,NOTICASTRUM SERICEUM,1,1,1,8,4,7,3
6135,spvdrt.ar,PANICUM URVILLEANUM,1,3,3,5,2.5,2,-0.5
6141,spvdrt.ar,PAPPOSTIPA SPECIOSA,1,3,1.5,4,1.333333333,1,-0.166666667
6146,spvdrt.ar,PECTOCARYA LINEARIS,1,1,1,0,0,-1,-1
6148,spvdrt.ar,PIPTOCHAETIUM NAPOSTAENSE,1,0,0,1,1,1,1
6149,spvdrt.ar,PLANTAGO PATAGONICA,1,4,2,1,1,-3,-1
6159,spvdrt.ar,SCHISMUS BARBATUS,1,7,2.333333333,4,1.333333333,-3,-1
6165,spvdrt.ar,SPOROBOLUS RIGENS,1,17,5.666666667,48,16,31,10.33333333
6173,spvdrt.ar,VULPIA BROMOIDES,1,4,2,1,1,-3,-1
6179,teshio.jp,ANTHOXANTHUM ODORATUM,1,100,16.66666667,87,14.5,-13,-2.166666667
6181,teshio.jp,ARTEMISIA INDICA,1,0,0,25,25,25,25
6183,teshio.jp,CALAMAGROSTIS EPIGEIOS,1,603,60.3,571,57.1,-32,-3.2
6185,teshio.jp,CAREX MIYABEI,1,50,50,51,25.5,1,-24.5
6187,teshio.jp,EQUISETUM ARVENSE,1,24,4,33,5.5,9,1.5
6190,teshio.jp,GERANIUM THUNBERGII,1,16,8,9,4.5,-7,-3.5
6191,teshio.jp,IMPATIENS NOLI-TANGERE,1,0,0,3,3,3,3
6193,teshio.jp,JUNCUS EFFUSUS,1,3,3,8,8,5,5
6195,teshio.jp,PHALARIS ARUNDINACEA,1,50,25,25,12.5,-25,-12.5
6197,teshio.jp,PHRAGMITES AUSTRALIS,1,130,65,75,37.5,-55,-27.5
6199,teshio.jp,PILOSELLA AURANTIACA,1,0,0,2,2,2,2
6201,teshio.jp,POLYGONUM THUNBERGII,1,25,12.5,25,6.25,0,-6.25
6203,teshio.jp,RANUNCULUS REPENS,1,7,7,5,5,-2,-2
6205,teshio.jp,STELLARIA GRAMINEA,1,11,3.666666667,19,4.75,8,1.083333333
6206,teshio.jp,SYMPHYOTRICHUM NOVI-BELGII,1,0,0,1,1,1,1
6208,teshio.jp,TARAXACUM TARAXACUM,1,5,5,0,0,-5,-5
6210,teshio.jp,TRIFOLIUM REPENS,1,11,3.666666667,3,3,-8,-0.666666667
6212,teshio.jp,VIOLA ARCUATA,1,3,3,0,0,-3,-3
6213,ukulingadrt.za,ACALYPHA ANGUSTATA,1,0,0,2,2,2,2
6216,ukulingadrt.za,AFROASTER HISPIDA,1,3,3,14,7,11,4
6219,ukulingadrt.za,ARISTIDA JUNCIFORMIS,1,0,0,18,9,18,9
6222,ukulingadrt.za,BRACHIARIA SERRATA,1,8,4,0,0,-8,-4
6223,ukulingadrt.za,CEPHALARIA PUNGENS,1,63,15.75,28,7,-35,-8.75
6225,ukulingadrt.za,CHAETACANTHUS BURCHELLII,1,8,2.666666667,40,8,32,5.333333333
6227,ukulingadrt.za,COMMELINA AFRICANA,1,3,1.5,1,1,-2,-0.5
6230,ukulingadrt.za,CRABBEA SQUARROSA,1,6,3,3,3,-3,0
6232,ukulingadrt.za,CROTALARIA MICROCARPA,1,8,4,27,27,19,23
6233,ukulingadrt.za,CYMBOPOGON CAESIUS,1,41,8.2,26,6.5,-15,-1.7
6236,ukulingadrt.za,DIHETEROPOGON AMPLECTENS,1,3,3,10,5,7,2
6238,ukulingadrt.za,DIPCADI VIRIDE,1,0,0,2,2,2,2
6240,ukulingadrt.za,ERIOSEMA CORDATUM,1,27,13.5,2,2,-25,-11.5
6242,ukulingadrt.za,GRADERIA SCABRA,1,0,0,2,2,2,2
6244,ukulingadrt.za,HELICHRYSUM NUDIFOLIUM,1,0,0,4,4,4,4
6246,ukulingadrt.za,HETEROPOGON CONTORTUS,1,0,0,12,6,12,6
6247,ukulingadrt.za,HIBISCUS AETHIOPICUS,1,21,4.2,25,5,4,0.8
6249,ukulingadrt.za,HYPARRHENIA DREGEANA,1,30,15,0,0,-30,-15
6250,ukulingadrt.za,HYPOXIS FILIFORMIS,1,10,3.333333333,18,6,8,2.666666667
6251,ukulingadrt.za,INDIGOFERA HILARIS,1,5,5,15,15,10,10
6253,ukulingadrt.za,KOHAUTIA AMATYMBICA,1,2,2,0,0,-2,-2
6255,ukulingadrt.za,LEDEBOURIA APERTIFLORA,1,0,0,3,3,3,3
6259,ukulingadrt.za,PENTANISIA ANGUSTIFOLIA,1,23,11.5,8,4,-15,-7.5
6261,ukulingadrt.za,POLYGALA CONFUSA,1,3,3,0,0,-3,-3
6262,ukulingadrt.za,POLYGALA HOTTENTOTTA,1,2,2,0,0,-2,-2
6264,ukulingadrt.za,RUELLIA BAURII,1,2,2,0,0,-2,-2
6266,ukulingadrt.za,SCABIOSA COLUMBARIA,1,0,0,12,4,12,4
6268,ukulingadrt.za,SENECIO BUPLEUROIDES,1,27,6.75,37,7.4,10,0.65
6270,ukulingadrt.za,SENECIO CORONATUS,1,35,7,3,3,-32,-4
6272,ukulingadrt.za,SENECIO DELTOIDEUS,1,5,5,11,5.5,6,0.5
6273,ukulingadrt.za,SENECIO RETRORSUS,1,11,5.5,4,4,-7,-1.5
6275,ukulingadrt.za,SETARIA NIGRIROSTRIS,1,40,40,60,30,20,-10
6277,ukulingadrt.za,SETARIA SPHACELATA,1,0,0,6,6,6,6
6279,ukulingadrt.za,SPERMACOCE NATALENSIS,1,28,14,10,5,-18,-9
6281,ukulingadrt.za,TAGETES MINUTA,1,2,2,0,0,-2,-2
6285,ukulingadrt.za,THEMEDA TRIANDRA,1,68,11.33333333,90,15,22,3.666666667
6287,ukulingadrt.za,THUNBERGIA ATRIPLICIFOLIA,1,57,11.4,35,35,-22,23.6
6289,ukulingadrt.za,TRAGIA MEYERIANA,1,7,3.5,6,3,-1,-0.5
6291,ukulingadrt.za,TRISTACHYA LEUCOTHRIX,1,183,30.5,280,46.66666667,97,16.16666667
6294,ukulingadrt.za,VIGNA VEXILLATA,1,0,0,5,5,5,5
6299,validate.fr,ALOPECURUS PRATENSIS,1,30,6,82,16.4,52,10.4
6305,validate.fr,ARRHENATHERUM ELATIUS,1,90,22.5,48,9.6,-42,-12.9
6311,validate.fr,DACTYLIS GLOMERATA,1,92,18.4,148,29.6,56,11.2
6317,validate.fr,LOLIUM PERENNE,1,79,15.8,35.1,7.02,-43.9,-8.78
6323,validate.fr,POA PRATENSIS,1,109,21.8,69,13.8,-40,-8
6329,validate.fr,TARAXACUM CAMPYLODES,1,9.8,1.96,3.7,0.925,-6.1,-1.035
6335,validate.fr,TRISETUM FLAVESCENS,1,14,3.5,33.2,8.3,19.2,4.8
6340,yarradrt.au,AXONOPUS FISSIFOLIUS,1,12,4,0,0,-12,-4
6342,yarradrt.au,COMMELINA CYANEA,1,2,2,2,2,0,0
6347,yarradrt.au,CONYZA SUMATRENSIS,1,2,2,0,0,-2,-2
6348,yarradrt.au,CYNODON DACTYLON,1,205,51.25,190,47.5,-15,-3.75
6353,yarradrt.au,DICHELACHNE CRINITA,1,1,1,1,1,0,0
6354,yarradrt.au,EHRHARTA STIPOIDES,1,43,10.75,245,61.25,202,50.5
6359,yarradrt.au,ERAGROSTIS CURVULA,1,17,8.5,0,0,-17,-8.5
6364,yarradrt.au,HYPOCHAERIS RADICATA,1,1,1,1,1,0,0
6367,yarradrt.au,KYLLINGA ODORATA,1,3,1.5,5,1.25,2,-0.25
6370,yarradrt.au,LOTUS CORNICULATUS,1,2,2,1,1,-1,-1
6373,yarradrt.au,PLANTAGO LANCEOLATA,1,1,1,0,0,-1,-1
6374,yarradrt.au,SENECIO MADAGASCARIENSIS,1,2,2,15,15,13,13
6377,yarradrt.au,SETARIA PARVIFLORA,1,85,21.25,10,3.333333333,-75,-17.91666667